run_id,date,session_type,spec_id,tool,prompt_variant,tool_version,model,rounds_to_runnable,notes
S001_claude_A_20260609111222,2026-06-09,generation,S001,claude,A,2.1.169 (Claude Code),claude-opus-4-8,1,exit=0; started=2026-06-09T11:12:22.135519+00:00
S001_claude_B_20260609111345,2026-06-09,generation,S001,claude,B,2.1.169 (Claude Code),claude-opus-4-8,1,exit=0; started=2026-06-09T11:13:45.424426+00:00
S002_claude_A_20260609111638,2026-06-09,generation,S002,claude,A,2.1.169 (Claude Code),claude-opus-4-8,1,exit=0; started=2026-06-09T11:16:38.802461+00:00
S002_claude_B_20260609111726,2026-06-09,generation,S002,claude,B,2.1.169 (Claude Code),claude-opus-4-8,1,exit=0; started=2026-06-09T11:17:26.486629+00:00
S003_claude_A_20260609111940,2026-06-09,generation,S003,claude,A,2.1.169 (Claude Code),claude-opus-4-8,1,exit=0; started=2026-06-09T11:19:40.106485+00:00
S003_claude_B_20260609112055,2026-06-09,generation,S003,claude,B,2.1.169 (Claude Code),claude-opus-4-8,1,exit=0; started=2026-06-09T11:20:55.098615+00:00
S004_claude_A_20260609112313,2026-06-09,generation,S004,claude,A,2.1.169 (Claude Code),claude-opus-4-8,1,exit=0; started=2026-06-09T11:23:13.743546+00:00
S004_claude_B_20260609112406,2026-06-09,generation,S004,claude,B,2.1.169 (Claude Code),claude-opus-4-8,1,exit=0; started=2026-06-09T11:24:06.179890+00:00
S005_claude_A_20260609112614,2026-06-09,generation,S005,claude,A,2.1.169 (Claude Code),claude-opus-4-8,1,exit=0; started=2026-06-09T11:26:14.894062+00:00
S005_claude_B_20260609112722,2026-06-09,generation,S005,claude,B,2.1.169 (Claude Code),claude-opus-4-8,1,exit=0; started=2026-06-09T11:27:22.156744+00:00
S006_claude_A_20260610064935,2026-06-10,generation,S006,claude,A,2.1.170 (Claude Code),claude-opus-4-8,,exit=0; started=2026-06-10T06:49:35.157338+00:00
S006_claude_B_20260610065023,2026-06-10,generation,S006,claude,B,2.1.170 (Claude Code),claude-opus-4-8,,exit=0; started=2026-06-10T06:50:23.065613+00:00
S007_claude_A_20260610065238,2026-06-10,generation,S007,claude,A,2.1.170 (Claude Code),claude-opus-4-8,,exit=0; started=2026-06-10T06:52:39.044474+00:00
S007_claude_B_20260610065415,2026-06-10,generation,S007,claude,B,2.1.170 (Claude Code),claude-opus-4-8,,exit=0; started=2026-06-10T06:54:15.249824+00:00
S008_claude_A_20260610065732,2026-06-10,generation,S008,claude,A,2.1.170 (Claude Code),claude-opus-4-8,,exit=0; started=2026-06-10T06:57:32.881679+00:00
S008_claude_B_20260610065837,2026-06-10,generation,S008,claude,B,2.1.170 (Claude Code),claude-opus-4-8,,exit=0; started=2026-06-10T06:58:37.607370+00:00
S009_claude_A_20260610070422,2026-06-10,generation,S009,claude,A,2.1.170 (Claude Code),claude-opus-4-8,,exit=0; started=2026-06-10T07:04:22.531575+00:00
S009_claude_B_20260610070519,2026-06-10,generation,S009,claude,B,2.1.170 (Claude Code),claude-opus-4-8,,exit=0; started=2026-06-10T07:05:19.112849+00:00
S010_claude_A_20260610070815,2026-06-10,generation,S010,claude,A,2.1.170 (Claude Code),claude-opus-4-8,,exit=0; started=2026-06-10T07:08:15.183077+00:00
S010_claude_B_20260610070905,2026-06-10,generation,S010,claude,B,2.1.170 (Claude Code),claude-opus-4-8,,exit=0; started=2026-06-10T07:09:05.073435+00:00
S011_claude_A_20260610074806,2026-06-10,generation,S011,claude,A,2.1.170 (Claude Code),claude-opus-4-8,,exit=0; started=2026-06-10T07:48:06.907017+00:00
S011_claude_B_20260610074913,2026-06-10,generation,S011,claude,B,2.1.170 (Claude Code),claude-opus-4-8,,exit=0; started=2026-06-10T07:49:13.176767+00:00
S012_claude_A_20260610075347,2026-06-10,generation,S012,claude,A,2.1.170 (Claude Code),claude-opus-4-8,,exit=0; started=2026-06-10T07:53:47.548097+00:00
S012_claude_B_20260610075532,2026-06-10,generation,S012,claude,B,2.1.170 (Claude Code),claude-opus-4-8,,exit=0; started=2026-06-10T07:55:32.297239+00:00
S013_claude_A_20260610075928,2026-06-10,generation,S013,claude,A,2.1.170 (Claude Code),claude-opus-4-8,,exit=0; started=2026-06-10T07:59:28.083046+00:00
S013_claude_B_20260610080021,2026-06-10,generation,S013,claude,B,2.1.170 (Claude Code),claude-opus-4-8,,exit=0; started=2026-06-10T08:00:21.427026+00:00
S014_claude_A_20260610080241,2026-06-10,generation,S014,claude,A,2.1.170 (Claude Code),claude-opus-4-8,,exit=0; started=2026-06-10T08:02:41.309451+00:00
S014_claude_B_20260610080322,2026-06-10,generation,S014,claude,B,2.1.170 (Claude Code),claude-opus-4-8,,exit=0; started=2026-06-10T08:03:22.115617+00:00
S015_claude_A_20260610080449,2026-06-10,generation,S015,claude,A,2.1.170 (Claude Code),claude-opus-4-8,,exit=0; started=2026-06-10T08:04:49.323679+00:00
S015_claude_B_20260610080544,2026-06-10,generation,S015,claude,B,2.1.170 (Claude Code),claude-opus-4-8,,exit=1; started=2026-06-10T08:05:44.519859+00:00
S015_claude_B_20260610114302,2026-06-10,generation,S015,claude,B,2.1.170 (Claude Code),claude-opus-4-8,,exit=0; started=2026-06-10T11:43:02.719239+00:00
S016_claude_A_20260610115721,2026-06-10,generation,S016,claude,A,2.1.170 (Claude Code),claude-opus-4-8,,exit=0; started=2026-06-10T11:57:21.783800+00:00
S016_claude_B_20260610115825,2026-06-10,generation,S016,claude,B,2.1.170 (Claude Code),claude-opus-4-8,,exit=0; started=2026-06-10T11:58:25.612252+00:00
S017_claude_A_20260610120223,2026-06-10,generation,S017,claude,A,2.1.170 (Claude Code),claude-opus-4-8,,exit=0; started=2026-06-10T12:02:23.800152+00:00
S017_claude_B_20260610120320,2026-06-10,generation,S017,claude,B,2.1.170 (Claude Code),claude-opus-4-8,,exit=0; started=2026-06-10T12:03:20.214538+00:00
S018_claude_A_20260610120620,2026-06-10,generation,S018,claude,A,2.1.170 (Claude Code),claude-opus-4-8,,exit=0; started=2026-06-10T12:06:20.974442+00:00
S018_claude_B_20260610120737,2026-06-10,generation,S018,claude,B,2.1.170 (Claude Code),claude-opus-4-8,,exit=0; started=2026-06-10T12:07:37.219372+00:00
S019_claude_A_20260610121309,2026-06-10,generation,S019,claude,A,2.1.170 (Claude Code),claude-opus-4-8,,exit=0; started=2026-06-10T12:13:09.621786+00:00
S019_claude_B_20260610121434,2026-06-10,generation,S019,claude,B,2.1.170 (Claude Code),claude-opus-4-8,,exit=0; started=2026-06-10T12:14:34.460224+00:00
S020_claude_A_20260610121707,2026-06-10,generation,S020,claude,A,2.1.170 (Claude Code),claude-opus-4-8,,exit=0; started=2026-06-10T12:17:07.228283+00:00
S020_claude_B_20260610121807,2026-06-10,generation,S020,claude,B,2.1.170 (Claude Code),claude-opus-4-8,,exit=0; started=2026-06-10T12:18:07.132844+00:00
S021_claude_A_20260611073659,2026-06-11,generation,S021,claude,A,2.1.173 (Claude Code),claude-opus-4-8,,exit=0; started=2026-06-11T07:36:59.636412+00:00
S021_claude_B_20260611073820,2026-06-11,generation,S021,claude,B,2.1.173 (Claude Code),claude-opus-4-8,,exit=0; started=2026-06-11T07:38:20.336359+00:00
S022_claude_A_20260611074013,2026-06-11,generation,S022,claude,A,2.1.173 (Claude Code),claude-opus-4-8,,exit=0; started=2026-06-11T07:40:13.105759+00:00
S022_claude_B_20260611074134,2026-06-11,generation,S022,claude,B,2.1.173 (Claude Code),claude-opus-4-8,,exit=0; started=2026-06-11T07:41:34.279811+00:00
S023_claude_A_20260611074359,2026-06-11,generation,S023,claude,A,2.1.173 (Claude Code),claude-opus-4-8,,exit=0; started=2026-06-11T07:43:59.829265+00:00
S023_claude_B_20260611074451,2026-06-11,generation,S023,claude,B,2.1.173 (Claude Code),claude-opus-4-8,,exit=0; started=2026-06-11T07:44:51.690607+00:00
S024_claude_A_20260611074810,2026-06-11,generation,S024,claude,A,2.1.173 (Claude Code),claude-opus-4-8,,exit=0; started=2026-06-11T07:48:10.268239+00:00
S024_claude_B_20260611074924,2026-06-11,generation,S024,claude,B,2.1.173 (Claude Code),claude-opus-4-8,,exit=0; started=2026-06-11T07:49:24.930679+00:00
S025_claude_A_20260611075549,2026-06-11,generation,S025,claude,A,2.1.173 (Claude Code),claude-opus-4-8,,exit=0; started=2026-06-11T07:55:49.835467+00:00
S025_claude_B_20260611075717,2026-06-11,generation,S025,claude,B,2.1.173 (Claude Code),claude-opus-4-8,,exit=0; started=2026-06-11T07:57:17.950472+00:00
S026_claude_A_20260611082831,2026-06-11,generation,S026,claude,A,2.1.173 (Claude Code),claude-opus-4-8,,exit=0; started=2026-06-11T08:28:31.430432+00:00
S026_claude_B_20260611083022,2026-06-11,generation,S026,claude,B,2.1.173 (Claude Code),claude-opus-4-8,,exit=0; started=2026-06-11T08:30:22.755796+00:00
S027_claude_A_20260611083424,2026-06-11,generation,S027,claude,A,2.1.173 (Claude Code),claude-opus-4-8,,exit=0; started=2026-06-11T08:34:24.761282+00:00
S027_claude_B_20260611083629,2026-06-11,generation,S027,claude,B,2.1.173 (Claude Code),claude-opus-4-8,,exit=0; started=2026-06-11T08:36:30.003506+00:00
S028_claude_A_20260611084032,2026-06-11,generation,S028,claude,A,2.1.173 (Claude Code),claude-opus-4-8,,exit=0; started=2026-06-11T08:40:32.329317+00:00
S028_claude_B_20260611084152,2026-06-11,generation,S028,claude,B,2.1.173 (Claude Code),claude-opus-4-8,,exit=1; started=2026-06-11T08:41:52.716296+00:00
S029_claude_A_20260611084201,2026-06-11,generation,S029,claude,A,2.1.173 (Claude Code),claude-opus-4-8,,exit=1; started=2026-06-11T08:42:01.120652+00:00
S029_claude_B_20260611084202,2026-06-11,generation,S029,claude,B,2.1.173 (Claude Code),claude-opus-4-8,,exit=1; started=2026-06-11T08:42:02.849940+00:00
S030_claude_A_20260611084204,2026-06-11,generation,S030,claude,A,2.1.173 (Claude Code),claude-opus-4-8,,exit=1; started=2026-06-11T08:42:04.616634+00:00
S030_claude_B_20260611084206,2026-06-11,generation,S030,claude,B,2.1.173 (Claude Code),claude-opus-4-8,,exit=1; started=2026-06-11T08:42:06.513510+00:00
S028_claude_B_20260611101252,2026-06-11,generation,S028,claude,B,2.1.173 (Claude Code),claude-opus-4-8,,exit=0; started=2026-06-11T10:12:52.232100+00:00
S029_claude_A_20260611101629,2026-06-11,generation,S029,claude,A,2.1.173 (Claude Code),claude-opus-4-8,,exit=0; started=2026-06-11T10:16:29.386260+00:00
S029_claude_B_20260611101754,2026-06-11,generation,S029,claude,B,2.1.173 (Claude Code),claude-opus-4-8,,exit=0; started=2026-06-11T10:17:54.296569+00:00
S030_claude_A_20260611102327,2026-06-11,generation,S030,claude,A,2.1.173 (Claude Code),claude-opus-4-8,,exit=0; started=2026-06-11T10:23:27.353853+00:00
S030_claude_B_20260611102600,2026-06-11,generation,S030,claude,B,2.1.173 (Claude Code),claude-opus-4-8,,exit=0; started=2026-06-11T10:26:00.280126+00:00
S031_claude_A_20260611105225,2026-06-11,generation,S031,claude,A,2.1.173 (Claude Code),claude-opus-4-8,,exit=0; started=2026-06-11T10:52:25.702653+00:00
S031_claude_B_20260611105452,2026-06-11,generation,S031,claude,B,2.1.173 (Claude Code),claude-opus-4-8,,exit=0; started=2026-06-11T10:54:52.308351+00:00
S032_claude_A_20260611110104,2026-06-11,generation,S032,claude,A,2.1.173 (Claude Code),claude-opus-4-8,,exit=0; started=2026-06-11T11:01:04.693132+00:00
S032_claude_B_20260611110328,2026-06-11,generation,S032,claude,B,2.1.173 (Claude Code),claude-opus-4-8,,exit=0; started=2026-06-11T11:03:28.641945+00:00
S033_claude_A_20260611110837,2026-06-11,generation,S033,claude,A,2.1.173 (Claude Code),claude-opus-4-8,,exit=0; started=2026-06-11T11:08:37.459176+00:00
S033_claude_B_20260611111318,2026-06-11,generation,S033,claude,B,2.1.173 (Claude Code),claude-opus-4-8,,exit=1; started=2026-06-11T11:13:18.210969+00:00
S034_claude_A_20260611111353,2026-06-11,generation,S034,claude,A,2.1.173 (Claude Code),claude-opus-4-8,,exit=1; started=2026-06-11T11:13:54.046170+00:00
S034_claude_B_20260611111355,2026-06-11,generation,S034,claude,B,2.1.173 (Claude Code),claude-opus-4-8,,exit=1; started=2026-06-11T11:13:55.951558+00:00
S035_claude_A_20260611111357,2026-06-11,generation,S035,claude,A,2.1.173 (Claude Code),claude-opus-4-8,,exit=1; started=2026-06-11T11:13:57.772788+00:00
S035_claude_B_20260611111359,2026-06-11,generation,S035,claude,B,2.1.173 (Claude Code),claude-opus-4-8,,exit=1; started=2026-06-11T11:13:59.485653+00:00
S033_claude_B_20260612072850,2026-06-12,generation,S033,claude,B,2.1.175 (Claude Code),claude-opus-4-8,,exit=0; started=2026-06-12T07:28:50.911976+00:00
S034_claude_A_20260612073804,2026-06-12,generation,S034,claude,A,2.1.175 (Claude Code),claude-opus-4-8,,exit=0; started=2026-06-12T07:38:04.302045+00:00
S034_claude_B_20260612073955,2026-06-12,generation,S034,claude,B,2.1.175 (Claude Code),claude-opus-4-8,,exit=0; started=2026-06-12T07:39:56.050020+00:00
S035_claude_A_20260612074432,2026-06-12,generation,S035,claude,A,2.1.175 (Claude Code),claude-opus-4-8,,exit=0; started=2026-06-12T07:44:32.307617+00:00
S035_claude_B_20260612074702,2026-06-12,generation,S035,claude,B,2.1.175 (Claude Code),claude-opus-4-8,,exit=0; started=2026-06-12T07:47:03.007091+00:00
S036_claude_A_20260612080504,2026-06-12,generation,S036,claude,A,2.1.175 (Claude Code),claude-opus-4-8,,exit=0; started=2026-06-12T08:05:04.942954+00:00
S036_claude_B_20260612080713,2026-06-12,generation,S036,claude,B,2.1.175 (Claude Code),claude-opus-4-8,,exit=0; started=2026-06-12T08:07:13.175106+00:00
S037_claude_A_20260612081457,2026-06-12,generation,S037,claude,A,2.1.175 (Claude Code),claude-opus-4-8,,exit=0; started=2026-06-12T08:14:57.919854+00:00
S037_claude_B_20260612081914,2026-06-12,generation,S037,claude,B,2.1.175 (Claude Code),claude-opus-4-8,,exit=0; started=2026-06-12T08:19:14.133615+00:00
S038_claude_A_20260612082733,2026-06-12,generation,S038,claude,A,2.1.175 (Claude Code),claude-opus-4-8,,exit=1; started=2026-06-12T08:27:33.529801+00:00
S038_claude_B_20260612082751,2026-06-12,generation,S038,claude,B,2.1.175 (Claude Code),claude-opus-4-8,,exit=1; started=2026-06-12T08:27:51.793171+00:00
S039_claude_A_20260612082754,2026-06-12,generation,S039,claude,A,2.1.175 (Claude Code),claude-opus-4-8,,exit=1; started=2026-06-12T08:27:54.360527+00:00
S039_claude_B_20260612082756,2026-06-12,generation,S039,claude,B,2.1.175 (Claude Code),claude-opus-4-8,,exit=1; started=2026-06-12T08:27:56.387770+00:00
S040_claude_A_20260612082758,2026-06-12,generation,S040,claude,A,2.1.175 (Claude Code),claude-opus-4-8,,exit=1; started=2026-06-12T08:27:58.571747+00:00
S040_claude_B_20260612082800,2026-06-12,generation,S040,claude,B,2.1.175 (Claude Code),claude-opus-4-8,,exit=1; started=2026-06-12T08:28:00.821879+00:00
S038_claude_A_20260612094526,2026-06-12,generation,S038,claude,A,2.1.175 (Claude Code),claude-opus-4-8,,exit=0; started=2026-06-12T09:45:26.899544+00:00
S038_claude_B_20260612094802,2026-06-12,generation,S038,claude,B,2.1.175 (Claude Code),claude-opus-4-8,,exit=1; started=2026-06-12T09:48:02.269338+00:00
S039_claude_A_20260612095240,2026-06-12,generation,S039,claude,A,2.1.175 (Claude Code),claude-opus-4-8,,exit=0; started=2026-06-12T09:52:40.716835+00:00
S039_claude_B_20260612095530,2026-06-12,generation,S039,claude,B,2.1.175 (Claude Code),claude-opus-4-8,,exit=0; started=2026-06-12T09:55:31.043257+00:00
S040_claude_A_20260612100010,2026-06-12,generation,S040,claude,A,2.1.175 (Claude Code),claude-opus-4-8,,exit=0; started=2026-06-12T10:00:10.200046+00:00
S040_claude_B_20260612100725,2026-06-12,generation,S040,claude,B,2.1.175 (Claude Code),claude-opus-4-8,,exit=0; started=2026-06-12T10:07:25.868921+00:00
S038_claude_B_20260612101803,2026-06-12,generation,S038,claude,B,2.1.175 (Claude Code),claude-opus-4-8,,exit=0; started=2026-06-12T10:18:03.805484+00:00
S041_claude_A_20260612201218,2026-06-12,generation,S041,claude,A,2.1.175 (Claude Code),claude-opus-4-8,,exit=0; started=2026-06-12T20:12:18.711369+00:00
S041_claude_B_20260612201542,2026-06-12,generation,S041,claude,B,2.1.175 (Claude Code),claude-opus-4-8,,exit=0; started=2026-06-12T20:15:42.957521+00:00
S042_claude_A_20260612202055,2026-06-12,generation,S042,claude,A,2.1.175 (Claude Code),claude-opus-4-8,,exit=0; started=2026-06-12T20:20:55.837858+00:00
S042_claude_B_20260612202407,2026-06-12,generation,S042,claude,B,2.1.175 (Claude Code),claude-opus-4-8,,exit=0; started=2026-06-12T20:24:07.644158+00:00
S043_claude_A_20260612202750,2026-06-12,generation,S043,claude,A,2.1.175 (Claude Code),claude-opus-4-8,,exit=0; started=2026-06-12T20:27:50.488137+00:00
S043_claude_B_20260612203024,2026-06-12,generation,S043,claude,B,2.1.175 (Claude Code),claude-opus-4-8,,exit=0; started=2026-06-12T20:30:25.032769+00:00
S044_claude_A_20260612203620,2026-06-12,generation,S044,claude,A,2.1.175 (Claude Code),claude-opus-4-8,,exit=0; started=2026-06-12T20:36:20.487463+00:00
S044_claude_B_20260612203752,2026-06-12,generation,S044,claude,B,2.1.175 (Claude Code),claude-opus-4-8,,exit=0; started=2026-06-12T20:37:52.944781+00:00
S045_claude_A_20260612204341,2026-06-12,generation,S045,claude,A,2.1.175 (Claude Code),claude-opus-4-8,,exit=0; started=2026-06-12T20:43:41.256704+00:00
S045_claude_B_20260612204545,2026-06-12,generation,S045,claude,B,2.1.175 (Claude Code),claude-opus-4-8,,exit=0; started=2026-06-12T20:45:45.249859+00:00
S046_claude_A_20260613214052,2026-06-13,generation,S046,claude,A,2.1.177 (Claude Code),claude-opus-4-8,,exit=1; started=2026-06-13T21:40:52.803734+00:00
S046_claude_B_20260613214758,2026-06-14,generation,S046,claude,B,2.1.177 (Claude Code),claude-opus-4-8,,exit=1; started=2026-06-13T21:47:58.771528+00:00
S047_claude_A_20260613220409,2026-06-14,generation,S047,claude,A,2.1.177 (Claude Code),claude-opus-4-8,,exit=1; started=2026-06-13T22:04:09.136213+00:00
S047_claude_B_20260613220710,2026-06-14,generation,S047,claude,B,2.1.177 (Claude Code),claude-opus-4-8,,exit=0; started=2026-06-13T22:07:10.800990+00:00
S048_claude_A_20260613221346,2026-06-14,generation,S048,claude,A,2.1.177 (Claude Code),claude-opus-4-8,,exit=0; started=2026-06-13T22:13:46.462623+00:00
S048_claude_B_20260613221636,2026-06-14,generation,S048,claude,B,2.1.177 (Claude Code),claude-opus-4-8,,exit=0; started=2026-06-13T22:16:36.888873+00:00
S049_claude_A_20260613222054,2026-06-14,generation,S049,claude,A,2.1.177 (Claude Code),claude-opus-4-8,,exit=0; started=2026-06-13T22:20:54.713975+00:00
S049_claude_B_20260613222434,2026-06-14,generation,S049,claude,B,2.1.177 (Claude Code),claude-opus-4-8,,exit=0; started=2026-06-13T22:24:34.527625+00:00
S050_claude_A_20260613222933,2026-06-14,generation,S050,claude,A,2.1.177 (Claude Code),claude-opus-4-8,,exit=0; started=2026-06-13T22:29:34.034512+00:00
S050_claude_B_20260613223329,2026-06-14,generation,S050,claude,B,2.1.177 (Claude Code),claude-opus-4-8,,exit=0; started=2026-06-13T22:33:29.582940+00:00
S046_claude_A_20260613225749,2026-06-14,generation,S046,claude,A,2.1.177 (Claude Code),claude-opus-4-8,,exit=1; started=2026-06-13T22:57:49.137536+00:00
S046_claude_B_20260613225947,2026-06-14,generation,S046,claude,B,2.1.177 (Claude Code),claude-opus-4-8,,exit=1; started=2026-06-13T22:59:47.525356+00:00
S047_claude_A_20260613225949,2026-06-14,generation,S047,claude,A,2.1.177 (Claude Code),claude-opus-4-8,,exit=1; started=2026-06-13T22:59:49.989958+00:00
S046_claude_A_20260614201051,2026-06-14,generation,S046,claude,A,2.1.177 (Claude Code),claude-opus-4-8,,exit=0; started=2026-06-14T20:10:51.688465+00:00
S046_claude_B_20260614201704,2026-06-14,generation,S046,claude,B,2.1.177 (Claude Code),claude-opus-4-8,,exit=0; started=2026-06-14T20:17:04.825282+00:00
S047_claude_A_20260614202610,2026-06-14,generation,S047,claude,A,2.1.177 (Claude Code),claude-opus-4-8,,exit=0; started=2026-06-14T20:26:10.123026+00:00
S051_claude_A_20260614212802,2026-06-14,generation,S051,claude,A,2.1.177 (Claude Code),claude-opus-4-8,,exit=0; started=2026-06-14T21:28:02.795338+00:00
S051_claude_B_20260614212958,2026-06-14,generation,S051,claude,B,2.1.177 (Claude Code),claude-opus-4-8,,exit=0; started=2026-06-14T21:29:58.634138+00:00
S052_claude_A_20260614213548,2026-06-14,generation,S052,claude,A,2.1.177 (Claude Code),claude-opus-4-8,,exit=0; started=2026-06-14T21:35:48.387126+00:00
S052_claude_B_20260614213826,2026-06-14,generation,S052,claude,B,2.1.177 (Claude Code),claude-opus-4-8,,exit=0; started=2026-06-14T21:38:26.743240+00:00
S053_claude_A_20260614214334,2026-06-14,generation,S053,claude,A,2.1.177 (Claude Code),claude-opus-4-8,,exit=0; started=2026-06-14T21:43:34.873750+00:00
S053_claude_B_20260614214631,2026-06-14,generation,S053,claude,B,2.1.177 (Claude Code),claude-opus-4-8,,exit=1; started=2026-06-14T21:46:31.582842+00:00
S054_claude_A_20260614215215,2026-06-14,generation,S054,claude,A,2.1.177 (Claude Code),claude-opus-4-8,,exit=1; started=2026-06-14T21:52:15.185891+00:00
S054_claude_B_20260614215217,2026-06-14,generation,S054,claude,B,2.1.177 (Claude Code),claude-opus-4-8,,exit=1; started=2026-06-14T21:52:17.214230+00:00
S055_claude_A_20260614215219,2026-06-14,generation,S055,claude,A,2.1.177 (Claude Code),claude-opus-4-8,,exit=1; started=2026-06-14T21:52:19.554800+00:00
S055_claude_B_20260614215221,2026-06-14,generation,S055,claude,B,2.1.177 (Claude Code),claude-opus-4-8,,exit=1; started=2026-06-14T21:52:21.650888+00:00
S053_claude_B_20260615043316,2026-06-15,generation,S053,claude,B,2.1.177 (Claude Code),claude-opus-4-8,,exit=0; started=2026-06-15T04:33:16.303944+00:00
S054_claude_A_20260615043924,2026-06-15,generation,S054,claude,A,2.1.177 (Claude Code),claude-opus-4-8,,exit=0; started=2026-06-15T04:39:24.961133+00:00
S054_claude_B_20260615044207,2026-06-15,generation,S054,claude,B,2.1.177 (Claude Code),claude-opus-4-8,,exit=0; started=2026-06-15T04:42:07.634494+00:00
S055_claude_A_20260615044652,2026-06-15,generation,S055,claude,A,2.1.177 (Claude Code),claude-opus-4-8,,exit=0; started=2026-06-15T04:46:52.782600+00:00
S055_claude_B_20260615045045,2026-06-15,generation,S055,claude,B,2.1.177 (Claude Code),claude-opus-4-8,,exit=0; started=2026-06-15T04:50:45.491193+00:00
S056_claude_A_20260615051457,2026-06-15,generation,S056,claude,A,2.1.177 (Claude Code),claude-opus-4-8,,exit=0; started=2026-06-15T05:14:58.053661+00:00
S056_claude_B_20260615051719,2026-06-15,generation,S056,claude,B,2.1.177 (Claude Code),claude-opus-4-8,,exit=0; started=2026-06-15T05:17:19.103737+00:00
S057_claude_A_20260615052112,2026-06-15,generation,S057,claude,A,2.1.177 (Claude Code),claude-opus-4-8,,exit=0; started=2026-06-15T05:21:12.406647+00:00
S057_claude_B_20260615052312,2026-06-15,generation,S057,claude,B,2.1.177 (Claude Code),claude-opus-4-8,,exit=0; started=2026-06-15T05:23:12.304147+00:00
S058_claude_A_20260615052737,2026-06-15,generation,S058,claude,A,2.1.177 (Claude Code),claude-opus-4-8,,exit=0; started=2026-06-15T05:27:37.901548+00:00
S058_claude_B_20260615053232,2026-06-15,generation,S058,claude,B,2.1.177 (Claude Code),claude-opus-4-8,,exit=1; started=2026-06-15T05:32:32.359667+00:00
S059_claude_A_20260615053545,2026-06-15,generation,S059,claude,A,2.1.177 (Claude Code),claude-opus-4-8,,exit=1; started=2026-06-15T05:35:45.649165+00:00
S059_claude_B_20260615053548,2026-06-15,generation,S059,claude,B,2.1.177 (Claude Code),claude-opus-4-8,,exit=1; started=2026-06-15T05:35:48.133810+00:00
S060_claude_A_20260615053550,2026-06-15,generation,S060,claude,A,2.1.177 (Claude Code),claude-opus-4-8,,exit=1; started=2026-06-15T05:35:50.665250+00:00
S060_claude_B_20260615053553,2026-06-15,generation,S060,claude,B,2.1.177 (Claude Code),claude-opus-4-8,,exit=1; started=2026-06-15T05:35:53.114227+00:00
S058_claude_B_20260615214652,2026-06-15,generation,S058,claude,B,2.1.178 (Claude Code),claude-opus-4-8,,exit=0; started=2026-06-15T21:46:52.415411+00:00
S059_claude_A_20260615215351,2026-06-15,generation,S059,claude,A,2.1.178 (Claude Code),claude-opus-4-8,,exit=0; started=2026-06-15T21:53:51.573541+00:00
S059_claude_B_20260615215711,2026-06-16,generation,S059,claude,B,2.1.178 (Claude Code),claude-opus-4-8,,exit=0; started=2026-06-15T21:57:11.541298+00:00
S060_claude_A_20260615220629,2026-06-16,generation,S060,claude,A,2.1.178 (Claude Code),claude-opus-4-8,,exit=0; started=2026-06-15T22:06:29.169043+00:00
S060_claude_B_20260615221000,2026-06-16,generation,S060,claude,B,2.1.178 (Claude Code),claude-opus-4-8,,exit=0; started=2026-06-15T22:10:00.278250+00:00
S061_claude_A_20260615230253,2026-06-16,generation,S061,claude,A,2.1.178 (Claude Code),claude-opus-4-8,,exit=0; started=2026-06-15T23:02:53.153698+00:00
S061_claude_B_20260615230814,2026-06-16,generation,S061,claude,B,2.1.178 (Claude Code),claude-opus-4-8,,exit=0; started=2026-06-15T23:08:14.848816+00:00
S062_claude_A_20260615231507,2026-06-16,generation,S062,claude,A,2.1.178 (Claude Code),claude-opus-4-8,,exit=1; started=2026-06-15T23:15:07.078196+00:00
S062_claude_B_20260615231610,2026-06-16,generation,S062,claude,B,2.1.178 (Claude Code),claude-opus-4-8,,exit=1; started=2026-06-15T23:16:10.784969+00:00
S063_claude_A_20260615231612,2026-06-16,generation,S063,claude,A,2.1.178 (Claude Code),claude-opus-4-8,,exit=1; started=2026-06-15T23:16:12.571130+00:00
S063_claude_B_20260615231614,2026-06-16,generation,S063,claude,B,2.1.178 (Claude Code),claude-opus-4-8,,exit=1; started=2026-06-15T23:16:14.381551+00:00
S064_claude_A_20260615231616,2026-06-16,generation,S064,claude,A,2.1.178 (Claude Code),claude-opus-4-8,,exit=1; started=2026-06-15T23:16:16.186582+00:00
S064_claude_B_20260615231618,2026-06-16,generation,S064,claude,B,2.1.178 (Claude Code),claude-opus-4-8,,exit=1; started=2026-06-15T23:16:18.114182+00:00
S065_claude_A_20260615231619,2026-06-16,generation,S065,claude,A,2.1.178 (Claude Code),claude-opus-4-8,,exit=1; started=2026-06-15T23:16:19.925405+00:00
S065_claude_B_20260615231621,2026-06-16,generation,S065,claude,B,2.1.178 (Claude Code),claude-opus-4-8,,exit=1; started=2026-06-15T23:16:21.917790+00:00
S062_claude_A_20260616170948,2026-06-16,generation,S062,claude,A,2.1.178 (Claude Code),claude-opus-4-8,,exit=0; started=2026-06-16T17:09:48.200818+00:00
S062_claude_B_20260616171305,2026-06-16,generation,S062,claude,B,2.1.178 (Claude Code),claude-opus-4-8,,exit=0; started=2026-06-16T17:13:05.855825+00:00
S063_claude_A_20260616171920,2026-06-16,generation,S063,claude,A,2.1.178 (Claude Code),claude-opus-4-8,,exit=0; started=2026-06-16T17:19:20.586655+00:00
S063_claude_B_20260616172233,2026-06-16,generation,S063,claude,B,2.1.178 (Claude Code),claude-opus-4-8,,exit=1; started=2026-06-16T17:22:33.400936+00:00
S064_claude_A_20260616172756,2026-06-16,generation,S064,claude,A,2.1.178 (Claude Code),claude-opus-4-8,,exit=1; started=2026-06-16T17:27:56.296399+00:00
S064_claude_B_20260616172902,2026-06-16,generation,S064,claude,B,2.1.178 (Claude Code),claude-opus-4-8,,exit=1; started=2026-06-16T17:29:02.994223+00:00
S065_claude_A_20260616172951,2026-06-16,generation,S065,claude,A,2.1.178 (Claude Code),claude-opus-4-8,,exit=1; started=2026-06-16T17:29:51.725372+00:00
S065_claude_B_20260616173233,2026-06-16,generation,S065,claude,B,2.1.178 (Claude Code),claude-opus-4-8,,exit=1; started=2026-06-16T17:32:33.728043+00:00
S063_claude_B_20260616173926,2026-06-16,generation,S063,claude,B,2.1.178 (Claude Code),claude-opus-4-8,,exit=0; started=2026-06-16T17:39:26.655830+00:00
S064_claude_A_20260616174822,2026-06-16,generation,S064,claude,A,2.1.178 (Claude Code),claude-opus-4-8,,exit=0; started=2026-06-16T17:48:22.574104+00:00
S064_claude_B_20260616175256,2026-06-16,generation,S064,claude,B,2.1.178 (Claude Code),claude-opus-4-8,,exit=1; started=2026-06-16T17:52:56.110944+00:00
S065_claude_A_20260616175916,2026-06-16,generation,S065,claude,A,2.1.178 (Claude Code),claude-opus-4-8,,exit=1; started=2026-06-16T17:59:16.355932+00:00
S065_claude_B_20260616175918,2026-06-16,generation,S065,claude,B,2.1.178 (Claude Code),claude-opus-4-8,,exit=1; started=2026-06-16T17:59:19.054718+00:00
S064_claude_B_20260616220146,2026-06-17,generation,S064,claude,B,2.1.179 (Claude Code),claude-opus-4-8,,exit=0; started=2026-06-16T22:01:46.285915+00:00
S065_claude_A_20260616220739,2026-06-17,generation,S065,claude,A,2.1.179 (Claude Code),claude-opus-4-8,,exit=0; started=2026-06-16T22:07:39.221462+00:00
S065_claude_B_20260616222203,2026-06-17,generation,S065,claude,B,2.1.179 (Claude Code),claude-opus-4-8,,"exit=0; started=2026-06-16T22:22:03+00:00; recovered: harness wrapper died at finalize step, claude tool exit 0; build dir csj_gen_3ysnicy_ moved to target and audit reconstructed manually"
S066_claude_A_20260616224510,2026-06-17,generation,S066,claude,A,2.1.179 (Claude Code),claude-opus-4-8,,exit=0; started=2026-06-16T22:45:10.438131+00:00
S066_claude_B_20260616225134,2026-06-17,generation,S066,claude,B,2.1.179 (Claude Code),claude-opus-4-8,,exit=1; started=2026-06-16T22:51:34.891893+00:00
S067_claude_A_20260616225729,2026-06-17,generation,S067,claude,A,2.1.179 (Claude Code),claude-opus-4-8,,exit=1; started=2026-06-16T22:57:29.965470+00:00
S067_claude_B_20260616225732,2026-06-17,generation,S067,claude,B,2.1.179 (Claude Code),claude-opus-4-8,,exit=1; started=2026-06-16T22:57:32.306476+00:00
S068_claude_A_20260616225734,2026-06-17,generation,S068,claude,A,2.1.179 (Claude Code),claude-opus-4-8,,exit=1; started=2026-06-16T22:57:34.690083+00:00
S068_claude_B_20260616225736,2026-06-17,generation,S068,claude,B,2.1.179 (Claude Code),claude-opus-4-8,,exit=1; started=2026-06-16T22:57:36.924225+00:00
S069_claude_A_20260616225739,2026-06-17,generation,S069,claude,A,2.1.179 (Claude Code),claude-opus-4-8,,exit=1; started=2026-06-16T22:57:39.351815+00:00
S069_claude_B_20260616225741,2026-06-17,generation,S069,claude,B,2.1.179 (Claude Code),claude-opus-4-8,,exit=1; started=2026-06-16T22:57:41.514123+00:00
S070_claude_A_20260616225743,2026-06-17,generation,S070,claude,A,2.1.179 (Claude Code),claude-opus-4-8,,exit=1; started=2026-06-16T22:57:43.796393+00:00
S070_claude_B_20260616225746,2026-06-17,generation,S070,claude,B,2.1.179 (Claude Code),claude-opus-4-8,,exit=1; started=2026-06-16T22:57:46.609305+00:00
S066_claude_B_20260617071433,2026-06-17,generation,S066,claude,B,2.1.179 (Claude Code),claude-opus-4-8,,exit=0; started=2026-06-17T07:14:33.219694+00:00
S067_claude_A_20260617072558,2026-06-17,generation,S067,claude,A,2.1.179 (Claude Code),claude-opus-4-8,,exit=0; started=2026-06-17T07:25:58.096445+00:00
S067_claude_B_20260617073011,2026-06-17,generation,S067,claude,B,2.1.179 (Claude Code),claude-opus-4-8,,exit=0; started=2026-06-17T07:30:11.109978+00:00
S068_claude_A_20260617073503,2026-06-17,generation,S068,claude,A,2.1.179 (Claude Code),claude-opus-4-8,,exit=0; started=2026-06-17T07:35:03.886391+00:00
S068_claude_B_20260617073732,2026-06-17,generation,S068,claude,B,2.1.179 (Claude Code),claude-opus-4-8,,exit=0; started=2026-06-17T07:37:32.066946+00:00
S069_claude_A_20260617074302,2026-06-17,generation,S069,claude,A,2.1.179 (Claude Code),claude-opus-4-8,,exit=0; started=2026-06-17T07:43:02.137037+00:00
S069_claude_B_20260617074550,2026-06-17,generation,S069,claude,B,2.1.179 (Claude Code),claude-opus-4-8,,exit=0; started=2026-06-17T07:45:50.178920+00:00
S070_claude_A_20260617075022,2026-06-17,generation,S070,claude,A,2.1.179 (Claude Code),claude-opus-4-8,,exit=0; started=2026-06-17T07:50:22.703644+00:00
S070_claude_B_20260617075546,2026-06-17,generation,S070,claude,B,2.1.179 (Claude Code),claude-opus-4-8,,exit=0; started=2026-06-17T07:55:46.605328+00:00
S071_claude_A_20260618200843,2026-06-18,generation,S071,claude,A,2.1.181 (Claude Code),claude-opus-4-8,,exit=0; started=2026-06-18T20:08:44.048701+00:00
S071_claude_B_20260618201219,2026-06-18,generation,S071,claude,B,2.1.181 (Claude Code),claude-opus-4-8,,exit=0; started=2026-06-18T20:12:19.300224+00:00
S072_claude_A_20260618201908,2026-06-18,generation,S072,claude,A,2.1.181 (Claude Code),claude-opus-4-8,,exit=0; started=2026-06-18T20:19:08.444891+00:00
S072_claude_B_20260618202143,2026-06-18,generation,S072,claude,B,2.1.181 (Claude Code),claude-opus-4-8,,exit=0; started=2026-06-18T20:21:43.622480+00:00
S073_claude_A_20260618202800,2026-06-18,generation,S073,claude,A,2.1.181 (Claude Code),claude-opus-4-8,,exit=0; started=2026-06-18T20:28:00.554904+00:00
S073_claude_B_20260618203226,2026-06-18,generation,S073,claude,B,2.1.181 (Claude Code),claude-opus-4-8,,exit=1; started=2026-06-18T20:32:26.568898+00:00
S074_claude_A_20260618203921,2026-06-18,generation,S074,claude,A,2.1.181 (Claude Code),claude-opus-4-8,,exit=1; started=2026-06-18T20:39:21.557645+00:00
S074_claude_B_20260618203924,2026-06-18,generation,S074,claude,B,2.1.181 (Claude Code),claude-opus-4-8,,exit=1; started=2026-06-18T20:39:24.646227+00:00
S075_claude_A_20260618203928,2026-06-18,generation,S075,claude,A,2.1.181 (Claude Code),claude-opus-4-8,,exit=1; started=2026-06-18T20:39:28.288037+00:00
S075_claude_B_20260618203930,2026-06-18,generation,S075,claude,B,2.1.181 (Claude Code),claude-opus-4-8,,exit=1; started=2026-06-18T20:39:30.953765+00:00
S073_claude_B_20260618212942,2026-06-18,generation,S073,claude,B,2.1.181 (Claude Code),claude-opus-4-8,,exit=0; started=2026-06-18T21:29:43.059970+00:00
S074_claude_A_20260618213804,2026-06-18,generation,S074,claude,A,2.1.181 (Claude Code),claude-opus-4-8,,exit=1; started=2026-06-18T21:38:04.971420+00:00
S074_claude_B_20260618214121,2026-06-18,generation,S074,claude,B,2.1.181 (Claude Code),claude-opus-4-8,,exit=1; started=2026-06-18T21:41:21.388842+00:00
S075_claude_A_20260618214123,2026-06-18,generation,S075,claude,A,2.1.181 (Claude Code),claude-opus-4-8,,exit=1; started=2026-06-18T21:41:23.332655+00:00
S075_claude_B_20260618214126,2026-06-18,generation,S075,claude,B,2.1.181 (Claude Code),claude-opus-4-8,,exit=1; started=2026-06-18T21:41:26.761006+00:00
S074_claude_A_20260618215102,2026-06-18,generation,S074,claude,A,2.1.181 (Claude Code),claude-opus-4-8,,exit=0; started=2026-06-18T21:51:02.797189+00:00
S074_claude_B_20260618215914,2026-06-19,generation,S074,claude,B,2.1.181 (Claude Code),claude-opus-4-8,,exit=0; started=2026-06-18T21:59:14.870306+00:00
S075_claude_A_20260618221045,2026-06-19,generation,S075,claude,A,2.1.181 (Claude Code),claude-opus-4-8,,exit=0; started=2026-06-18T22:10:45.734984+00:00
S075_claude_B_20260618221349,2026-06-19,generation,S075,claude,B,2.1.181 (Claude Code),claude-opus-4-8,,exit=0; started=2026-06-18T22:13:49.603056+00:00
S076_claude_A_20260618232516,2026-06-19,generation,S076,claude,A,2.1.181 (Claude Code),claude-opus-4-8,,exit=0; started=2026-06-18T23:25:16.875696+00:00
S076_claude_B_20260618232828,2026-06-19,generation,S076,claude,B,2.1.181 (Claude Code),claude-opus-4-8,,exit=1; started=2026-06-18T23:28:28.689962+00:00
S077_claude_A_20260618233049,2026-06-19,generation,S077,claude,A,2.1.181 (Claude Code),claude-opus-4-8,,exit=1; started=2026-06-18T23:30:49.227355+00:00
S077_claude_B_20260618233051,2026-06-19,generation,S077,claude,B,2.1.181 (Claude Code),claude-opus-4-8,,exit=1; started=2026-06-18T23:30:51.207193+00:00
S078_claude_A_20260618233053,2026-06-19,generation,S078,claude,A,2.1.181 (Claude Code),claude-opus-4-8,,exit=1; started=2026-06-18T23:30:53.282035+00:00
S078_claude_B_20260618233055,2026-06-19,generation,S078,claude,B,2.1.181 (Claude Code),claude-opus-4-8,,exit=1; started=2026-06-18T23:30:55.561824+00:00
S079_claude_A_20260618233057,2026-06-19,generation,S079,claude,A,2.1.181 (Claude Code),claude-opus-4-8,,exit=1; started=2026-06-18T23:30:57.364897+00:00
S079_claude_B_20260618233059,2026-06-19,generation,S079,claude,B,2.1.181 (Claude Code),claude-opus-4-8,,exit=1; started=2026-06-18T23:30:59.404061+00:00
S080_claude_A_20260618233101,2026-06-19,generation,S080,claude,A,2.1.181 (Claude Code),claude-opus-4-8,,exit=1; started=2026-06-18T23:31:01.295937+00:00
S080_claude_B_20260618233103,2026-06-19,generation,S080,claude,B,2.1.181 (Claude Code),claude-opus-4-8,,exit=1; started=2026-06-18T23:31:03.174571+00:00
S076_claude_B_20260619160125,2026-06-19,generation,S076,claude,B,2.1.183 (Claude Code),claude-opus-4-8,,exit=0; started=2026-06-19T16:01:25.828717+00:00
S077_claude_A_20260619160526,2026-06-19,generation,S077,claude,A,2.1.183 (Claude Code),claude-opus-4-8,,exit=0; started=2026-06-19T16:05:26.344148+00:00
S077_claude_B_20260619160809,2026-06-19,generation,S077,claude,B,2.1.183 (Claude Code),claude-opus-4-8,,exit=0; started=2026-06-19T16:08:09.405861+00:00
S078_claude_A_20260619161313,2026-06-19,generation,S078,claude,A,2.1.183 (Claude Code),claude-opus-4-8,,exit=0; started=2026-06-19T16:13:13.595573+00:00
S078_claude_B_20260619161813,2026-06-19,generation,S078,claude,B,2.1.183 (Claude Code),claude-opus-4-8,,exit=0; started=2026-06-19T16:18:13.670998+00:00
S079_claude_A_20260619162653,2026-06-19,generation,S079,claude,A,2.1.183 (Claude Code),claude-opus-4-8,,exit=1; started=2026-06-19T16:26:53.731429+00:00
S079_claude_B_20260619162655,2026-06-19,generation,S079,claude,B,2.1.183 (Claude Code),claude-opus-4-8,,exit=1; started=2026-06-19T16:26:55.957788+00:00
S080_claude_A_20260619162658,2026-06-19,generation,S080,claude,A,2.1.183 (Claude Code),claude-opus-4-8,,exit=1; started=2026-06-19T16:26:58.191151+00:00
S080_claude_B_20260619162700,2026-06-19,generation,S080,claude,B,2.1.183 (Claude Code),claude-opus-4-8,,exit=1; started=2026-06-19T16:27:00.553323+00:00
S079_claude_A_20260619212154,2026-06-19,generation,S079,claude,A,2.1.183 (Claude Code),claude-opus-4-8,,exit=0; started=2026-06-19T21:21:54.851621+00:00
S079_claude_B_20260619212653,2026-06-19,generation,S079,claude,B,2.1.183 (Claude Code),claude-opus-4-8,,exit=0; started=2026-06-19T21:26:53.762992+00:00
S080_claude_A_20260619213308,2026-06-19,generation,S080,claude,A,2.1.183 (Claude Code),claude-opus-4-8,,exit=0; started=2026-06-19T21:33:08.531860+00:00
S080_claude_B_20260619213705,2026-06-19,generation,S080,claude,B,2.1.183 (Claude Code),claude-opus-4-8,,exit=0; started=2026-06-19T21:37:05.406434+00:00
S081_claude_A_20260619221225,2026-06-20,generation,S081,claude,A,2.1.183 (Claude Code),claude-opus-4-8,,exit=0; started=2026-06-19T22:12:25.228884+00:00
S081_claude_B_20260619221601,2026-06-20,generation,S081,claude,B,2.1.183 (Claude Code),claude-opus-4-8,,exit=0; started=2026-06-19T22:16:01.126725+00:00
S082_claude_A_20260619222110,2026-06-20,generation,S082,claude,A,2.1.183 (Claude Code),claude-opus-4-8,,exit=0; started=2026-06-19T22:21:10.531248+00:00
S082_claude_B_20260619222557,2026-06-20,generation,S082,claude,B,2.1.183 (Claude Code),claude-opus-4-8,,exit=1; started=2026-06-19T22:25:57.380026+00:00
S083_claude_A_20260619222737,2026-06-20,generation,S083,claude,A,2.1.183 (Claude Code),claude-opus-4-8,,exit=1; started=2026-06-19T22:27:37.800489+00:00
S083_claude_B_20260619222740,2026-06-20,generation,S083,claude,B,2.1.183 (Claude Code),claude-opus-4-8,,exit=1; started=2026-06-19T22:27:40.384885+00:00
S084_claude_A_20260619222742,2026-06-20,generation,S084,claude,A,2.1.183 (Claude Code),claude-opus-4-8,,exit=1; started=2026-06-19T22:27:42.960660+00:00
S084_claude_B_20260619222745,2026-06-20,generation,S084,claude,B,2.1.183 (Claude Code),claude-opus-4-8,,exit=1; started=2026-06-19T22:27:45.868997+00:00
S085_claude_A_20260619222748,2026-06-20,generation,S085,claude,A,2.1.183 (Claude Code),claude-opus-4-8,,exit=1; started=2026-06-19T22:27:48.328354+00:00
S085_claude_B_20260619222751,2026-06-20,generation,S085,claude,B,2.1.183 (Claude Code),claude-opus-4-8,,exit=1; started=2026-06-19T22:27:51.189330+00:00
S082_claude_B_20260620204236,2026-06-20,generation,S082,claude,B,2.1.183 (Claude Code),claude-opus-4-8,,exit=0; started=2026-06-20T20:42:36.971618+00:00
S083_claude_A_20260620204808,2026-06-20,generation,S083,claude,A,2.1.183 (Claude Code),claude-opus-4-8,,exit=0; started=2026-06-20T20:48:08.529582+00:00
S083_claude_B_20260620205129,2026-06-20,generation,S083,claude,B,2.1.183 (Claude Code),claude-opus-4-8,,exit=0; started=2026-06-20T20:51:29.956792+00:00
S084_claude_A_20260620205612,2026-06-20,generation,S084,claude,A,2.1.183 (Claude Code),claude-opus-4-8,,exit=0; started=2026-06-20T20:56:12.338357+00:00
S084_claude_B_20260620205926,2026-06-20,generation,S084,claude,B,2.1.183 (Claude Code),claude-opus-4-8,,exit=0; started=2026-06-20T20:59:26.216670+00:00
S085_claude_A_20260620210531,2026-06-20,generation,S085,claude,A,2.1.183 (Claude Code),claude-opus-4-8,,exit=0; started=2026-06-20T21:05:31.266159+00:00
S085_claude_B_20260620211016,2026-06-20,generation,S085,claude,B,2.1.183 (Claude Code),claude-opus-4-8,,exit=0; started=2026-06-20T21:10:16.373918+00:00
S086_claude_A_20260621103909,2026-06-21,generation,S086,claude,A,2.1.183 (Claude Code),claude-opus-4-8,,exit=0; started=2026-06-21T10:39:09.784043+00:00
S086_claude_B_20260621104154,2026-06-21,generation,S086,claude,B,2.1.183 (Claude Code),claude-opus-4-8,,exit=0; started=2026-06-21T10:41:54.788637+00:00
S087_claude_A_20260621104657,2026-06-21,generation,S087,claude,A,2.1.183 (Claude Code),claude-opus-4-8,,exit=0; started=2026-06-21T10:46:57.196826+00:00
S087_claude_B_20260621105212,2026-06-21,generation,S087,claude,B,2.1.183 (Claude Code),claude-opus-4-8,,exit=0; started=2026-06-21T10:52:12.248276+00:00
S088_claude_A_20260621105935,2026-06-21,generation,S088,claude,A,2.1.183 (Claude Code),claude-opus-4-8,,exit=0; started=2026-06-21T10:59:35.664250+00:00
S088_claude_B_20260621110456,2026-06-21,generation,S088,claude,B,2.1.183 (Claude Code),claude-opus-4-8,,exit=1; started=2026-06-21T11:04:56.665635+00:00
S089_claude_A_20260621110919,2026-06-21,generation,S089,claude,A,2.1.183 (Claude Code),claude-opus-4-8,,exit=1; started=2026-06-21T11:09:19.882918+00:00
S089_claude_B_20260621110922,2026-06-21,generation,S089,claude,B,2.1.183 (Claude Code),claude-opus-4-8,,exit=1; started=2026-06-21T11:09:22.469919+00:00
S090_claude_A_20260621110924,2026-06-21,generation,S090,claude,A,2.1.183 (Claude Code),claude-opus-4-8,,exit=1; started=2026-06-21T11:09:24.591672+00:00
S090_claude_B_20260621110927,2026-06-21,generation,S090,claude,B,2.1.183 (Claude Code),claude-opus-4-8,,exit=1; started=2026-06-21T11:09:27.491307+00:00
S088_claude_B_20260621205820,2026-06-21,generation,S088,claude,B,2.1.183 (Claude Code),claude-opus-4-8,,exit=0; started=2026-06-21T20:58:20.203179+00:00
S089_claude_A_20260621210917,2026-06-21,generation,S089,claude,A,2.1.183 (Claude Code),claude-opus-4-8,,exit=0; started=2026-06-21T21:09:17.625639+00:00
S089_claude_B_20260621211519,2026-06-21,generation,S089,claude,B,2.1.183 (Claude Code),claude-opus-4-8,,exit=0; started=2026-06-21T21:15:19.561352+00:00
S090_claude_A_20260621212625,2026-06-21,generation,S090,claude,A,2.1.183 (Claude Code),claude-opus-4-8,,exit=1; started=2026-06-21T21:26:26.018349+00:00
S090_claude_B_20260621212716,2026-06-21,generation,S090,claude,B,2.1.183 (Claude Code),claude-opus-4-8,,exit=1; started=2026-06-21T21:27:16.568142+00:00
S090_claude_A_20260621214114,2026-06-21,generation,S090,claude,A,2.1.183 (Claude Code),claude-opus-4-8,,exit=0; started=2026-06-21T21:41:14.131842+00:00
S090_claude_B_20260621214424,2026-06-21,generation,S090,claude,B,2.1.183 (Claude Code),claude-opus-4-8,,exit=0; started=2026-06-21T21:44:24.268296+00:00
S091_claude_A_20260621220541,2026-06-22,generation,S091,claude,A,2.1.183 (Claude Code),claude-opus-4-8,,exit=0; started=2026-06-21T22:05:41.142833+00:00
S091_claude_B_20260621221057,2026-06-22,generation,S091,claude,B,2.1.183 (Claude Code),claude-opus-4-8,,exit=0; started=2026-06-21T22:10:57.990938+00:00
S092_claude_A_20260621222446,2026-06-22,generation,S092,claude,A,2.1.183 (Claude Code),claude-opus-4-8,,exit=1; started=2026-06-21T22:24:46.157045+00:00
S092_claude_B_20260621222601,2026-06-22,generation,S092,claude,B,2.1.183 (Claude Code),claude-opus-4-8,,exit=1; started=2026-06-21T22:26:01.800542+00:00
S093_claude_A_20260621222603,2026-06-22,generation,S093,claude,A,2.1.183 (Claude Code),claude-opus-4-8,,exit=1; started=2026-06-21T22:26:03.919666+00:00
S093_claude_B_20260621222606,2026-06-22,generation,S093,claude,B,2.1.183 (Claude Code),claude-opus-4-8,,exit=1; started=2026-06-21T22:26:06.511473+00:00
S094_claude_A_20260621222609,2026-06-22,generation,S094,claude,A,2.1.183 (Claude Code),claude-opus-4-8,,exit=1; started=2026-06-21T22:26:09.394712+00:00
S094_claude_B_20260621222611,2026-06-22,generation,S094,claude,B,2.1.183 (Claude Code),claude-opus-4-8,,exit=1; started=2026-06-21T22:26:11.511599+00:00
S095_claude_A_20260621222613,2026-06-22,generation,S095,claude,A,2.1.183 (Claude Code),claude-opus-4-8,,exit=1; started=2026-06-21T22:26:13.777816+00:00
S095_claude_B_20260621222616,2026-06-22,generation,S095,claude,B,2.1.183 (Claude Code),claude-opus-4-8,,exit=1; started=2026-06-21T22:26:16.631824+00:00
S092_claude_A_20260622061116,2026-06-22,generation,S092,claude,A,2.1.183 (Claude Code),claude-opus-4-8,,exit=0; started=2026-06-22T06:11:16.664773+00:00
S092_claude_B_20260622061702,2026-06-22,generation,S092,claude,B,2.1.183 (Claude Code),claude-opus-4-8,,exit=0; started=2026-06-22T06:17:02.554026+00:00
S093_claude_A_20260622062441,2026-06-22,generation,S093,claude,A,2.1.183 (Claude Code),claude-opus-4-8,,exit=0; started=2026-06-22T06:24:42.009810+00:00
S093_claude_B_20260622062705,2026-06-22,generation,S093,claude,B,2.1.183 (Claude Code),claude-opus-4-8,,exit=0; started=2026-06-22T06:27:05.764930+00:00
S094_claude_A_20260622063331,2026-06-22,generation,S094,claude,A,2.1.183 (Claude Code),claude-opus-4-8,,exit=0; started=2026-06-22T06:33:31.158855+00:00
S094_claude_B_20260622063659,2026-06-22,generation,S094,claude,B,2.1.183 (Claude Code),claude-opus-4-8,,exit=1; started=2026-06-22T06:36:59.416812+00:00
S095_claude_A_20260622064412,2026-06-22,generation,S095,claude,A,2.1.183 (Claude Code),claude-opus-4-8,,exit=1; started=2026-06-22T06:44:12.396713+00:00
S095_claude_B_20260622064414,2026-06-22,generation,S095,claude,B,2.1.183 (Claude Code),claude-opus-4-8,,exit=1; started=2026-06-22T06:44:14.633928+00:00
S094_claude_B_20260622165220,2026-06-22,generation,S094,claude,B,2.1.183 (Claude Code),claude-opus-4-8,,exit=0; started=2026-06-22T16:52:21.010816+00:00
S095_claude_A_20260622170105,2026-06-22,generation,S095,claude,A,2.1.183 (Claude Code),claude-opus-4-8,,exit=0; started=2026-06-22T17:01:06.113378+00:00
S095_claude_B_20260622170439,2026-06-22,generation,S095,claude,B,2.1.183 (Claude Code),claude-opus-4-8,,exit=0; started=2026-06-22T17:04:39.295754+00:00
S096_claude_A_20260622211038,2026-06-22,generation,S096,claude,A,2.1.186 (Claude Code),claude-opus-4-8,,exit=0; started=2026-06-22T21:10:38.519873+00:00
S096_claude_B_20260622211428,2026-06-22,generation,S096,claude,B,2.1.186 (Claude Code),claude-opus-4-8,,exit=0; started=2026-06-22T21:14:28.606411+00:00
S097_claude_A_20260622212233,2026-06-22,generation,S097,claude,A,2.1.186 (Claude Code),claude-opus-4-8,,exit=0; started=2026-06-22T21:22:33.346173+00:00
S097_claude_B_20260622212936,2026-06-22,generation,S097,claude,B,2.1.186 (Claude Code),claude-opus-4-8,,exit=0; started=2026-06-22T21:29:36.377315+00:00
S098_claude_A_20260622213736,2026-06-22,generation,S098,claude,A,2.1.186 (Claude Code),claude-opus-4-8,,exit=1; started=2026-06-22T21:37:37.011905+00:00
S098_claude_B_20260622213857,2026-06-22,generation,S098,claude,B,2.1.186 (Claude Code),claude-opus-4-8,,exit=1; started=2026-06-22T21:38:58.005616+00:00
S099_claude_A_20260622213900,2026-06-22,generation,S099,claude,A,2.1.186 (Claude Code),claude-opus-4-8,,exit=1; started=2026-06-22T21:39:00.459230+00:00
S099_claude_B_20260622213902,2026-06-22,generation,S099,claude,B,2.1.186 (Claude Code),claude-opus-4-8,,exit=1; started=2026-06-22T21:39:02.682822+00:00
S100_claude_A_20260622213904,2026-06-22,generation,S100,claude,A,2.1.186 (Claude Code),claude-opus-4-8,,exit=1; started=2026-06-22T21:39:04.788119+00:00
S100_claude_B_20260622213906,2026-06-22,generation,S100,claude,B,2.1.186 (Claude Code),claude-opus-4-8,,exit=1; started=2026-06-22T21:39:06.844873+00:00
S098_claude_A_20260623052547,2026-06-23,generation,S098,claude,A,2.1.186 (Claude Code),claude-opus-4-8,,exit=0; started=2026-06-23T05:25:47.242799+00:00
S098_claude_B_20260623052841,2026-06-23,generation,S098,claude,B,2.1.186 (Claude Code),claude-opus-4-8,,exit=0; started=2026-06-23T05:28:41.323537+00:00
S099_claude_A_20260623053503,2026-06-23,generation,S099,claude,A,2.1.186 (Claude Code),claude-opus-4-8,,exit=0; started=2026-06-23T05:35:03.218218+00:00
S099_claude_B_20260623054014,2026-06-23,generation,S099,claude,B,2.1.186 (Claude Code),claude-opus-4-8,,exit=0; started=2026-06-23T05:40:14.290472+00:00
S100_claude_A_20260623054929,2026-06-23,generation,S100,claude,A,2.1.186 (Claude Code),claude-opus-4-8,,exit=0; started=2026-06-23T05:49:29.780479+00:00
S100_claude_B_20260623055621,2026-06-23,generation,S100,claude,B,2.1.186 (Claude Code),claude-opus-4-8,,exit=1; started=2026-06-23T05:56:21.754430+00:00
S100_claude_B_20260623102853,2026-06-23,generation,S100,claude,B,2.1.186 (Claude Code),claude-opus-4-8,,exit=0; started=2026-06-23T10:28:53.796501+00:00
S001_codex_A_20260623111326,2026-06-23,generation,S001,codex,A,codex-cli 0.140.0,gpt-5.5,,exit=0; started=2026-06-23T11:13:26.118358+00:00
S001_codex_B_20260623111740,2026-06-23,generation,S001,codex,B,codex-cli 0.140.0,gpt-5.5,,exit=0; started=2026-06-23T11:17:40.626514+00:00
S002_codex_A_20260623111936,2026-06-23,generation,S002,codex,A,codex-cli 0.140.0,gpt-5.5,,exit=0; started=2026-06-23T11:19:36.260011+00:00
S002_codex_B_20260623112101,2026-06-23,generation,S002,codex,B,codex-cli 0.140.0,gpt-5.5,,exit=0; started=2026-06-23T11:21:01.619141+00:00
S003_codex_A_20260623112309,2026-06-23,generation,S003,codex,A,codex-cli 0.140.0,gpt-5.5,,exit=0; started=2026-06-23T11:23:10.013561+00:00
S003_codex_B_20260623112605,2026-06-23,generation,S003,codex,B,codex-cli 0.140.0,gpt-5.5,,exit=1; started=2026-06-23T11:26:05.420186+00:00
S004_codex_A_20260623121028,2026-06-23,generation,S004,codex,A,codex-cli 0.140.0,gpt-5.5,,exit=0; started=2026-06-23T12:10:28.794684+00:00
S004_codex_B_20260623121115,2026-06-23,generation,S004,codex,B,codex-cli 0.140.0,gpt-5.5,,exit=0; started=2026-06-23T12:11:15.961180+00:00
S005_codex_A_20260623121308,2026-06-23,generation,S005,codex,A,codex-cli 0.140.0,gpt-5.5,,exit=0; started=2026-06-23T12:13:08.227732+00:00
S005_codex_B_20260623121358,2026-06-23,generation,S005,codex,B,codex-cli 0.140.0,gpt-5.5,,exit=0; started=2026-06-23T12:13:58.777374+00:00
S003_codex_B_20260623121900,2026-06-23,generation,S003,codex,B,codex-cli 0.140.0,gpt-5.5,,exit=0; started=2026-06-23T12:19:00.769035+00:00
S006_codex_A_20260624070507,2026-06-24,generation,S006,codex,A,codex-cli 0.140.0,gpt-5.5,,exit=0; started=2026-06-24T07:05:07.475392+00:00
S006_codex_B_20260624070553,2026-06-24,generation,S006,codex,B,codex-cli 0.140.0,gpt-5.5,,exit=0; started=2026-06-24T07:05:54.078173+00:00
S007_codex_A_20260624070752,2026-06-24,generation,S007,codex,A,codex-cli 0.140.0,gpt-5.5,,exit=0; started=2026-06-24T07:07:52.516505+00:00
S007_codex_B_20260624070900,2026-06-24,generation,S007,codex,B,codex-cli 0.140.0,gpt-5.5,,exit=0; started=2026-06-24T07:09:00.703243+00:00
S008_codex_A_20260624071157,2026-06-24,generation,S008,codex,A,codex-cli 0.140.0,gpt-5.5,,exit=0; started=2026-06-24T07:11:58.063997+00:00
S008_codex_B_20260624071252,2026-06-24,generation,S008,codex,B,codex-cli 0.140.0,gpt-5.5,,exit=0; started=2026-06-24T07:12:52.915097+00:00
S009_codex_A_20260624071509,2026-06-24,generation,S009,codex,A,codex-cli 0.140.0,gpt-5.5,,exit=0; started=2026-06-24T07:15:09.954132+00:00
S009_codex_B_20260624071601,2026-06-24,generation,S009,codex,B,codex-cli 0.140.0,gpt-5.5,,exit=0; started=2026-06-24T07:16:01.644903+00:00
S010_codex_A_20260624071812,2026-06-24,generation,S010,codex,A,codex-cli 0.140.0,gpt-5.5,,exit=0; started=2026-06-24T07:18:12.636134+00:00
S010_codex_B_20260624071923,2026-06-24,generation,S010,codex,B,codex-cli 0.140.0,gpt-5.5,,exit=0; started=2026-06-24T07:19:23.845944+00:00
S011_codex_A_20260624073349,2026-06-24,generation,S011,codex,A,codex-cli 0.140.0,gpt-5.5,,exit=0; started=2026-06-24T07:33:49.887098+00:00
S011_codex_B_20260624073448,2026-06-24,generation,S011,codex,B,codex-cli 0.140.0,gpt-5.5,,exit=0; started=2026-06-24T07:34:48.174637+00:00
S012_codex_A_20260624073714,2026-06-24,generation,S012,codex,A,codex-cli 0.140.0,gpt-5.5,,exit=0; started=2026-06-24T07:37:15.054679+00:00
S012_codex_B_20260624073819,2026-06-24,generation,S012,codex,B,codex-cli 0.140.0,gpt-5.5,,exit=0; started=2026-06-24T07:38:19.332569+00:00
S013_codex_A_20260624074034,2026-06-24,generation,S013,codex,A,codex-cli 0.140.0,gpt-5.5,,exit=0; started=2026-06-24T07:40:34.563092+00:00
S013_codex_B_20260624074107,2026-06-24,generation,S013,codex,B,codex-cli 0.140.0,gpt-5.5,,exit=0; started=2026-06-24T07:41:07.896652+00:00
S014_codex_A_20260624074241,2026-06-24,generation,S014,codex,A,codex-cli 0.140.0,gpt-5.5,,exit=0; started=2026-06-24T07:42:41.863020+00:00
S014_codex_B_20260624074329,2026-06-24,generation,S014,codex,B,codex-cli 0.140.0,gpt-5.5,,exit=0; started=2026-06-24T07:43:30.069011+00:00
S015_codex_A_20260624074542,2026-06-24,generation,S015,codex,A,codex-cli 0.140.0,gpt-5.5,,exit=0; started=2026-06-24T07:45:42.483031+00:00
S015_codex_B_20260624074648,2026-06-24,generation,S015,codex,B,codex-cli 0.140.0,gpt-5.5,,exit=0; started=2026-06-24T07:46:48.997756+00:00
S016_codex_A_20260624075216,2026-06-24,generation,S016,codex,A,codex-cli 0.140.0,gpt-5.5,,exit=0; started=2026-06-24T07:52:16.779435+00:00
S016_codex_B_20260624075317,2026-06-24,generation,S016,codex,B,codex-cli 0.140.0,gpt-5.5,,exit=0; started=2026-06-24T07:53:17.177877+00:00
S017_codex_A_20260624075449,2026-06-24,generation,S017,codex,A,codex-cli 0.140.0,gpt-5.5,,exit=0; started=2026-06-24T07:54:49.818211+00:00
S017_codex_B_20260624075540,2026-06-24,generation,S017,codex,B,codex-cli 0.140.0,gpt-5.5,,exit=0; started=2026-06-24T07:55:40.648449+00:00
S018_codex_A_20260624075759,2026-06-24,generation,S018,codex,A,codex-cli 0.140.0,gpt-5.5,,exit=0; started=2026-06-24T07:57:59.587571+00:00
S018_codex_B_20260624075905,2026-06-24,generation,S018,codex,B,codex-cli 0.140.0,gpt-5.5,,exit=0; started=2026-06-24T07:59:06.065670+00:00
S019_codex_A_20260624080201,2026-06-24,generation,S019,codex,A,codex-cli 0.140.0,gpt-5.5,,exit=0; started=2026-06-24T08:02:01.985900+00:00
S019_codex_B_20260624080305,2026-06-24,generation,S019,codex,B,codex-cli 0.140.0,gpt-5.5,,exit=0; started=2026-06-24T08:03:05.960940+00:00
S020_codex_A_20260624080920,2026-06-24,generation,S020,codex,A,codex-cli 0.140.0,gpt-5.5,,exit=0; started=2026-06-24T08:09:20.576743+00:00
S020_codex_B_20260624081006,2026-06-24,generation,S020,codex,B,codex-cli 0.140.0,gpt-5.5,,exit=0; started=2026-06-24T08:10:06.789636+00:00
S021_codex_A_20260624081935,2026-06-24,generation,S021,codex,A,codex-cli 0.140.0,gpt-5.5,,exit=0; started=2026-06-24T08:19:35.829965+00:00
S021_codex_B_20260624082028,2026-06-24,generation,S021,codex,B,codex-cli 0.140.0,gpt-5.5,,exit=0; started=2026-06-24T08:20:28.420869+00:00
S022_codex_A_20260624082138,2026-06-24,generation,S022,codex,A,codex-cli 0.140.0,gpt-5.5,,exit=0; started=2026-06-24T08:21:39.056384+00:00
S022_codex_B_20260624082216,2026-06-24,generation,S022,codex,B,codex-cli 0.140.0,gpt-5.5,,exit=0; started=2026-06-24T08:22:16.392126+00:00
S023_codex_A_20260624082331,2026-06-24,generation,S023,codex,A,codex-cli 0.140.0,gpt-5.5,,exit=0; started=2026-06-24T08:23:31.153772+00:00
S023_codex_B_20260624082426,2026-06-24,generation,S023,codex,B,codex-cli 0.140.0,gpt-5.5,,exit=0; started=2026-06-24T08:24:26.134161+00:00
S024_codex_A_20260624082644,2026-06-24,generation,S024,codex,A,codex-cli 0.140.0,gpt-5.5,,exit=0; started=2026-06-24T08:26:45.090324+00:00
S024_codex_B_20260624082739,2026-06-24,generation,S024,codex,B,codex-cli 0.140.0,gpt-5.5,,exit=0; started=2026-06-24T08:27:39.350879+00:00
S025_codex_A_20260624083025,2026-06-24,generation,S025,codex,A,codex-cli 0.140.0,gpt-5.5,,exit=0; started=2026-06-24T08:30:25.796768+00:00
S025_codex_B_20260624083140,2026-06-24,generation,S025,codex,B,codex-cli 0.140.0,gpt-5.5,,exit=0; started=2026-06-24T08:31:40.588121+00:00
S026_codex_A_20260624085328,2026-06-24,generation,S026,codex,A,codex-cli 0.140.0,gpt-5.5,,exit=0; started=2026-06-24T08:53:28.506384+00:00
S026_codex_B_20260624085503,2026-06-24,generation,S026,codex,B,codex-cli 0.140.0,gpt-5.5,,exit=0; started=2026-06-24T08:55:04.015062+00:00
S027_codex_A_20260624085803,2026-06-24,generation,S027,codex,A,codex-cli 0.140.0,gpt-5.5,,exit=0; started=2026-06-24T08:58:03.327567+00:00
S027_codex_B_20260624090012,2026-06-24,generation,S027,codex,B,codex-cli 0.140.0,gpt-5.5,,exit=0; started=2026-06-24T09:00:12.317712+00:00
S028_codex_A_20260624090253,2026-06-24,generation,S028,codex,A,codex-cli 0.140.0,gpt-5.5,,exit=0; started=2026-06-24T09:02:53.560242+00:00
S028_codex_B_20260624090426,2026-06-24,generation,S028,codex,B,codex-cli 0.140.0,gpt-5.5,,exit=0; started=2026-06-24T09:04:26.899141+00:00
S029_codex_A_20260624090657,2026-06-24,generation,S029,codex,A,codex-cli 0.140.0,gpt-5.5,,exit=0; started=2026-06-24T09:06:57.402830+00:00
S029_codex_B_20260624090756,2026-06-24,generation,S029,codex,B,codex-cli 0.140.0,gpt-5.5,,exit=0; started=2026-06-24T09:07:57.101828+00:00
S030_codex_A_20260624091004,2026-06-24,generation,S030,codex,A,codex-cli 0.140.0,gpt-5.5,,exit=0; started=2026-06-24T09:10:04.835089+00:00
S030_codex_B_20260624091234,2026-06-24,generation,S030,codex,B,codex-cli 0.140.0,gpt-5.5,,exit=0; started=2026-06-24T09:12:35.027660+00:00
S031_codex_A_20260624092326,2026-06-24,generation,S031,codex,A,codex-cli 0.140.0,gpt-5.5,,exit=0; started=2026-06-24T09:23:26.488089+00:00
S031_codex_B_20260624092521,2026-06-24,generation,S031,codex,B,codex-cli 0.140.0,gpt-5.5,,exit=0; started=2026-06-24T09:25:21.759113+00:00
S032_codex_A_20260624092756,2026-06-24,generation,S032,codex,A,codex-cli 0.140.0,gpt-5.5,,exit=0; started=2026-06-24T09:27:56.859967+00:00
S032_codex_B_20260624093016,2026-06-24,generation,S032,codex,B,codex-cli 0.140.0,gpt-5.5,,exit=0; started=2026-06-24T09:30:16.836186+00:00
S033_codex_A_20260624093257,2026-06-24,generation,S033,codex,A,codex-cli 0.140.0,gpt-5.5,,exit=0; started=2026-06-24T09:32:57.455881+00:00
S033_codex_B_20260624093507,2026-06-24,generation,S033,codex,B,codex-cli 0.140.0,gpt-5.5,,exit=0; started=2026-06-24T09:35:07.861158+00:00
S034_codex_A_20260624093747,2026-06-24,generation,S034,codex,A,codex-cli 0.140.0,gpt-5.5,,exit=0; started=2026-06-24T09:37:47.227408+00:00
S034_codex_B_20260624094005,2026-06-24,generation,S034,codex,B,codex-cli 0.140.0,gpt-5.5,,exit=0; started=2026-06-24T09:40:05.740404+00:00
S035_codex_A_20260624094235,2026-06-24,generation,S035,codex,A,codex-cli 0.140.0,gpt-5.5,,exit=0; started=2026-06-24T09:42:35.598300+00:00
S035_codex_B_20260624094438,2026-06-24,generation,S035,codex,B,codex-cli 0.140.0,gpt-5.5,,exit=0; started=2026-06-24T09:44:38.247879+00:00
S036_codex_A_20260624095314,2026-06-24,generation,S036,codex,A,codex-cli 0.140.0,gpt-5.5,,exit=0; started=2026-06-24T09:53:14.510726+00:00
S036_codex_B_20260624095535,2026-06-24,generation,S036,codex,B,codex-cli 0.140.0,gpt-5.5,,exit=0; started=2026-06-24T09:55:35.939654+00:00
S037_codex_A_20260624095814,2026-06-24,generation,S037,codex,A,codex-cli 0.140.0,gpt-5.5,,exit=0; started=2026-06-24T09:58:14.304473+00:00
S037_codex_B_20260624100037,2026-06-24,generation,S037,codex,B,codex-cli 0.140.0,gpt-5.5,,exit=0; started=2026-06-24T10:00:37.588273+00:00
S038_codex_A_20260624100418,2026-06-24,generation,S038,codex,A,codex-cli 0.140.0,gpt-5.5,,exit=0; started=2026-06-24T10:04:18.101599+00:00
S038_codex_B_20260624100634,2026-06-24,generation,S038,codex,B,codex-cli 0.140.0,gpt-5.5,,exit=0; started=2026-06-24T10:06:34.543290+00:00
S039_codex_A_20260624100856,2026-06-24,generation,S039,codex,A,codex-cli 0.140.0,gpt-5.5,,exit=0; started=2026-06-24T10:08:56.306899+00:00
S039_codex_B_20260624101050,2026-06-24,generation,S039,codex,B,codex-cli 0.140.0,gpt-5.5,,exit=0; started=2026-06-24T10:10:50.678553+00:00
S040_codex_A_20260624101320,2026-06-24,generation,S040,codex,A,codex-cli 0.140.0,gpt-5.5,,exit=0; started=2026-06-24T10:13:20.740843+00:00
S040_codex_B_20260624101825,2026-06-24,generation,S040,codex,B,codex-cli 0.140.0,gpt-5.5,,exit=0; started=2026-06-24T10:18:25.508826+00:00
S041_codex_A_20260625071328,2026-06-25,generation,S041,codex,A,codex-cli 0.140.0,gpt-5.5,,exit=0; started=2026-06-25T07:13:28.327455+00:00
S041_codex_B_20260625071602,2026-06-25,generation,S041,codex,B,codex-cli 0.140.0,gpt-5.5,,exit=0; started=2026-06-25T07:16:03.005258+00:00
S042_codex_A_20260625071916,2026-06-25,generation,S042,codex,A,codex-cli 0.140.0,gpt-5.5,,exit=0; started=2026-06-25T07:19:16.330316+00:00
S042_codex_B_20260625072056,2026-06-25,generation,S042,codex,B,codex-cli 0.140.0,gpt-5.5,,exit=0; started=2026-06-25T07:20:56.917479+00:00
S043_codex_A_20260625072331,2026-06-25,generation,S043,codex,A,codex-cli 0.140.0,gpt-5.5,,exit=0; started=2026-06-25T07:23:31.542085+00:00
S043_codex_B_20260625072554,2026-06-25,generation,S043,codex,B,codex-cli 0.140.0,gpt-5.5,,exit=0; started=2026-06-25T07:25:55.041368+00:00
S044_codex_A_20260625072943,2026-06-25,generation,S044,codex,A,codex-cli 0.140.0,gpt-5.5,,exit=0; started=2026-06-25T07:29:43.809199+00:00
S044_codex_B_20260625073118,2026-06-25,generation,S044,codex,B,codex-cli 0.140.0,gpt-5.5,,exit=0; started=2026-06-25T07:31:18.362735+00:00
S045_codex_A_20260625073351,2026-06-25,generation,S045,codex,A,codex-cli 0.140.0,gpt-5.5,,exit=0; started=2026-06-25T07:33:52.052648+00:00
S045_codex_B_20260625073526,2026-06-25,generation,S045,codex,B,codex-cli 0.140.0,gpt-5.5,,exit=0; started=2026-06-25T07:35:26.704987+00:00
S046_codex_A_20260625083258,2026-06-25,generation,S046,codex,A,codex-cli 0.140.0,gpt-5.5,,exit=0; started=2026-06-25T08:32:58.562927+00:00
S046_codex_B_20260625083537,2026-06-25,generation,S046,codex,B,codex-cli 0.140.0,gpt-5.5,,exit=0; started=2026-06-25T08:35:37.288820+00:00
S047_codex_A_20260625083812,2026-06-25,generation,S047,codex,A,codex-cli 0.140.0,gpt-5.5,,exit=0; started=2026-06-25T08:38:12.524081+00:00
S047_codex_B_20260625083956,2026-06-25,generation,S047,codex,B,codex-cli 0.140.0,gpt-5.5,,exit=0; started=2026-06-25T08:39:56.495186+00:00
S048_codex_A_20260625084217,2026-06-25,generation,S048,codex,A,codex-cli 0.140.0,gpt-5.5,,exit=0; started=2026-06-25T08:42:17.158714+00:00
S048_codex_B_20260625084355,2026-06-25,generation,S048,codex,B,codex-cli 0.140.0,gpt-5.5,,exit=0; started=2026-06-25T08:43:55.931016+00:00
S049_codex_A_20260625084618,2026-06-25,generation,S049,codex,A,codex-cli 0.140.0,gpt-5.5,,exit=0; started=2026-06-25T08:46:18.426935+00:00
S049_codex_B_20260625084841,2026-06-25,generation,S049,codex,B,codex-cli 0.140.0,gpt-5.5,,exit=0; started=2026-06-25T08:48:42.006661+00:00
S050_codex_A_20260625085120,2026-06-25,generation,S050,codex,A,codex-cli 0.140.0,gpt-5.5,,exit=0; started=2026-06-25T08:51:20.427666+00:00
S050_codex_B_20260625085328,2026-06-25,generation,S050,codex,B,codex-cli 0.140.0,gpt-5.5,,exit=0; started=2026-06-25T08:53:28.824213+00:00
S051_codex_A_20260625090749,2026-06-25,generation,S051,codex,A,codex-cli 0.140.0,gpt-5.5,,exit=0; started=2026-06-25T09:07:49.182872+00:00
S051_codex_B_20260625090954,2026-06-25,generation,S051,codex,B,codex-cli 0.140.0,gpt-5.5,,exit=0; started=2026-06-25T09:09:54.824129+00:00
S052_codex_A_20260625091231,2026-06-25,generation,S052,codex,A,codex-cli 0.140.0,gpt-5.5,,exit=0; started=2026-06-25T09:12:32.075914+00:00
S052_codex_B_20260625091425,2026-06-25,generation,S052,codex,B,codex-cli 0.140.0,gpt-5.5,,exit=0; started=2026-06-25T09:14:25.924051+00:00
S053_codex_A_20260625091659,2026-06-25,generation,S053,codex,A,codex-cli 0.140.0,gpt-5.5,,exit=0; started=2026-06-25T09:16:59.889826+00:00
S053_codex_B_20260625091911,2026-06-25,generation,S053,codex,B,codex-cli 0.140.0,gpt-5.5,,exit=0; started=2026-06-25T09:19:11.689035+00:00
S054_codex_A_20260625092206,2026-06-25,generation,S054,codex,A,codex-cli 0.140.0,gpt-5.5,,exit=0; started=2026-06-25T09:22:06.870942+00:00
S054_codex_B_20260625092359,2026-06-25,generation,S054,codex,B,codex-cli 0.140.0,gpt-5.5,,exit=0; started=2026-06-25T09:23:59.695207+00:00
S055_codex_A_20260625092628,2026-06-25,generation,S055,codex,A,codex-cli 0.140.0,gpt-5.5,,exit=0; started=2026-06-25T09:26:28.396061+00:00
S055_codex_B_20260625092916,2026-06-25,generation,S055,codex,B,codex-cli 0.140.0,gpt-5.5,,exit=0; started=2026-06-25T09:29:16.152190+00:00
S056_codex_A_20260625100339,2026-06-25,generation,S056,codex,A,codex-cli 0.140.0,gpt-5.5,,exit=0; started=2026-06-25T10:03:39.900001+00:00
S056_codex_B_20260625100456,2026-06-25,generation,S056,codex,B,codex-cli 0.140.0,gpt-5.5,,exit=0; started=2026-06-25T10:04:56.519653+00:00
S057_codex_A_20260625100701,2026-06-25,generation,S057,codex,A,codex-cli 0.140.0,gpt-5.5,,exit=0; started=2026-06-25T10:07:01.538251+00:00
S057_codex_B_20260625100841,2026-06-25,generation,S057,codex,B,codex-cli 0.140.0,gpt-5.5,,exit=0; started=2026-06-25T10:08:41.515204+00:00
S058_codex_A_20260625101134,2026-06-25,generation,S058,codex,A,codex-cli 0.140.0,gpt-5.5,,exit=0; started=2026-06-25T10:11:34.490676+00:00
S058_codex_B_20260625101429,2026-06-25,generation,S058,codex,B,codex-cli 0.140.0,gpt-5.5,,exit=0; started=2026-06-25T10:14:30.082040+00:00
S059_codex_A_20260625101729,2026-06-25,generation,S059,codex,A,codex-cli 0.140.0,gpt-5.5,,exit=0; started=2026-06-25T10:17:29.738339+00:00
S059_codex_B_20260625102034,2026-06-25,generation,S059,codex,B,codex-cli 0.140.0,gpt-5.5,,exit=0; started=2026-06-25T10:20:34.485492+00:00
S060_codex_A_20260625102324,2026-06-25,generation,S060,codex,A,codex-cli 0.140.0,gpt-5.5,,exit=0; started=2026-06-25T10:23:25.036301+00:00
S060_codex_B_20260625102556,2026-06-25,generation,S060,codex,B,codex-cli 0.140.0,gpt-5.5,,exit=0; started=2026-06-25T10:25:56.100276+00:00
S061_codex_A_20260625103558,2026-06-25,generation,S061,codex,A,codex-cli 0.140.0,gpt-5.5,,exit=0; started=2026-06-25T10:35:58.976437+00:00
S061_codex_B_20260625103910,2026-06-25,generation,S061,codex,B,codex-cli 0.140.0,gpt-5.5,,exit=0; started=2026-06-25T10:39:10.683816+00:00
S062_codex_A_20260625104254,2026-06-25,generation,S062,codex,A,codex-cli 0.140.0,gpt-5.5,,exit=0; started=2026-06-25T10:42:54.732928+00:00
S062_codex_B_20260625104455,2026-06-25,generation,S062,codex,B,codex-cli 0.140.0,gpt-5.5,,exit=0; started=2026-06-25T10:44:55.692951+00:00
S063_codex_A_20260625104922,2026-06-25,generation,S063,codex,A,codex-cli 0.140.0,gpt-5.5,,exit=0; started=2026-06-25T10:49:22.562642+00:00
S063_codex_B_20260625105217,2026-06-25,generation,S063,codex,B,codex-cli 0.140.0,gpt-5.5,,exit=0; started=2026-06-25T10:52:17.724421+00:00
S064_codex_A_20260625105529,2026-06-25,generation,S064,codex,A,codex-cli 0.140.0,gpt-5.5,,exit=0; started=2026-06-25T10:55:30.050260+00:00
S064_codex_B_20260625105754,2026-06-25,generation,S064,codex,B,codex-cli 0.140.0,gpt-5.5,,exit=0; started=2026-06-25T10:57:54.290999+00:00
S065_codex_A_20260625110355,2026-06-25,generation,S065,codex,A,codex-cli 0.140.0,gpt-5.5,,exit=0; started=2026-06-25T11:03:55.550184+00:00
S065_codex_B_20260625110619,2026-06-25,generation,S065,codex,B,codex-cli 0.140.0,gpt-5.5,,exit=0; started=2026-06-25T11:06:19.538796+00:00
S066_codex_A_20260625111832,2026-06-25,generation,S066,codex,A,codex-cli 0.140.0,gpt-5.5,,exit=0; started=2026-06-25T11:18:32.954050+00:00
S066_codex_B_20260625112203,2026-06-25,generation,S066,codex,B,codex-cli 0.140.0,gpt-5.5,,exit=0; started=2026-06-25T11:22:03.445538+00:00
S067_codex_A_20260625112611,2026-06-25,generation,S067,codex,A,codex-cli 0.140.0,gpt-5.5,,exit=0; started=2026-06-25T11:26:12.039483+00:00
S067_codex_B_20260625112840,2026-06-25,generation,S067,codex,B,codex-cli 0.140.0,gpt-5.5,,exit=0; started=2026-06-25T11:28:40.402372+00:00
S068_codex_A_20260625113253,2026-06-25,generation,S068,codex,A,codex-cli 0.140.0,gpt-5.5,,exit=1; started=2026-06-25T11:32:53.863976+00:00
S068_codex_B_20260625113501,2026-06-25,generation,S068,codex,B,codex-cli 0.140.0,gpt-5.5,,exit=1; started=2026-06-25T11:35:01.632269+00:00
S069_codex_A_20260625113504,2026-06-25,generation,S069,codex,A,codex-cli 0.140.0,gpt-5.5,,exit=1; started=2026-06-25T11:35:04.953175+00:00
S069_codex_B_20260625113507,2026-06-25,generation,S069,codex,B,codex-cli 0.140.0,gpt-5.5,,exit=1; started=2026-06-25T11:35:07.398536+00:00
S070_codex_A_20260625113509,2026-06-25,generation,S070,codex,A,codex-cli 0.140.0,gpt-5.5,,exit=1; started=2026-06-25T11:35:09.815888+00:00
S070_codex_B_20260625113515,2026-06-25,generation,S070,codex,B,codex-cli 0.140.0,gpt-5.5,,exit=1; started=2026-06-25T11:35:15.428359+00:00
S068_codex_A_20260626054553,2026-06-26,generation,S068,codex,A,codex-cli 0.140.0,gpt-5.5,,exit=0; started=2026-06-26T05:45:53.362939+00:00
S068_codex_B_20260626054751,2026-06-26,generation,S068,codex,B,codex-cli 0.140.0,gpt-5.5,,exit=0; started=2026-06-26T05:47:51.120825+00:00
S069_codex_A_20260626055035,2026-06-26,generation,S069,codex,A,codex-cli 0.140.0,gpt-5.5,,exit=0; started=2026-06-26T05:50:35.204724+00:00
S069_codex_B_20260626055247,2026-06-26,generation,S069,codex,B,codex-cli 0.140.0,gpt-5.5,,exit=0; started=2026-06-26T05:52:47.245086+00:00
S070_codex_A_20260626055605,2026-06-26,generation,S070,codex,A,codex-cli 0.140.0,gpt-5.5,,exit=0; started=2026-06-26T05:56:05.965745+00:00
S070_codex_B_20260626055853,2026-06-26,generation,S070,codex,B,codex-cli 0.140.0,gpt-5.5,,exit=0; started=2026-06-26T05:58:53.882684+00:00
S071_codex_A_20260626062700,2026-06-26,generation,S071,codex,A,codex-cli 0.140.0,gpt-5.5,,exit=0; started=2026-06-26T06:27:00.275544+00:00
S071_codex_B_20260626062935,2026-06-26,generation,S071,codex,B,codex-cli 0.140.0,gpt-5.5,,exit=0; started=2026-06-26T06:29:35.847926+00:00
S072_codex_A_20260626063242,2026-06-26,generation,S072,codex,A,codex-cli 0.140.0,gpt-5.5,,exit=0; started=2026-06-26T06:32:42.660138+00:00
S072_codex_B_20260626063456,2026-06-26,generation,S072,codex,B,codex-cli 0.140.0,gpt-5.5,,exit=0; started=2026-06-26T06:34:56.235013+00:00
S073_codex_A_20260626063735,2026-06-26,generation,S073,codex,A,codex-cli 0.140.0,gpt-5.5,,exit=0; started=2026-06-26T06:37:36.074163+00:00
S073_codex_B_20260626064031,2026-06-26,generation,S073,codex,B,codex-cli 0.140.0,gpt-5.5,,exit=0; started=2026-06-26T06:40:31.869843+00:00
S074_codex_A_20260626064449,2026-06-26,generation,S074,codex,A,codex-cli 0.140.0,gpt-5.5,,exit=0; started=2026-06-26T06:44:49.621741+00:00
S074_codex_B_20260626064733,2026-06-26,generation,S074,codex,B,codex-cli 0.140.0,gpt-5.5,,exit=0; started=2026-06-26T06:47:33.108407+00:00
S075_codex_A_20260626065208,2026-06-26,generation,S075,codex,A,codex-cli 0.140.0,gpt-5.5,,exit=0; started=2026-06-26T06:52:08.497708+00:00
S075_codex_B_20260626065424,2026-06-26,generation,S075,codex,B,codex-cli 0.140.0,gpt-5.5,,exit=0; started=2026-06-26T06:54:24.400531+00:00
S076_codex_A_20260626071247,2026-06-26,generation,S076,codex,A,codex-cli 0.140.0,gpt-5.5,,exit=0; started=2026-06-26T07:12:47.291207+00:00
S076_codex_B_20260626071527,2026-06-26,generation,S076,codex,B,codex-cli 0.140.0,gpt-5.5,,exit=0; started=2026-06-26T07:15:27.947386+00:00
S077_codex_A_20260626071822,2026-06-26,generation,S077,codex,A,codex-cli 0.140.0,gpt-5.5,,exit=0; started=2026-06-26T07:18:22.551404+00:00
S077_codex_B_20260626072051,2026-06-26,generation,S077,codex,B,codex-cli 0.140.0,gpt-5.5,,exit=0; started=2026-06-26T07:20:51.508602+00:00
S078_codex_A_20260626072404,2026-06-26,generation,S078,codex,A,codex-cli 0.140.0,gpt-5.5,,exit=0; started=2026-06-26T07:24:04.433746+00:00
S078_codex_B_20260626072719,2026-06-26,generation,S078,codex,B,codex-cli 0.140.0,gpt-5.5,,exit=0; started=2026-06-26T07:27:20.092342+00:00
S079_codex_A_20260626073121,2026-06-26,generation,S079,codex,A,codex-cli 0.140.0,gpt-5.5,,exit=0; started=2026-06-26T07:31:21.258496+00:00
S079_codex_B_20260626073433,2026-06-26,generation,S079,codex,B,codex-cli 0.140.0,gpt-5.5,,exit=0; started=2026-06-26T07:34:34.084714+00:00
S080_codex_A_20260626073907,2026-06-26,generation,S080,codex,A,codex-cli 0.140.0,gpt-5.5,,exit=0; started=2026-06-26T07:39:08.065065+00:00
S080_codex_B_20260626075306,2026-06-26,generation,S080,codex,B,codex-cli 0.140.0,gpt-5.5,,exit=0; started=2026-06-26T07:53:07.054233+00:00
S081_codex_A_20260626082127,2026-06-26,generation,S081,codex,A,codex-cli 0.140.0,gpt-5.5,,exit=0; started=2026-06-26T08:21:27.444339+00:00
S081_codex_B_20260626082415,2026-06-26,generation,S081,codex,B,codex-cli 0.140.0,gpt-5.5,,exit=0; started=2026-06-26T08:24:15.692517+00:00
S082_codex_A_20260626082659,2026-06-26,generation,S082,codex,A,codex-cli 0.140.0,gpt-5.5,,exit=0; started=2026-06-26T08:26:59.682792+00:00
S082_codex_B_20260626082911,2026-06-26,generation,S082,codex,B,codex-cli 0.140.0,gpt-5.5,,exit=0; started=2026-06-26T08:29:12.029202+00:00
S083_codex_A_20260626083150,2026-06-26,generation,S083,codex,A,codex-cli 0.140.0,gpt-5.5,,exit=0; started=2026-06-26T08:31:50.097227+00:00
S083_codex_B_20260626083309,2026-06-26,generation,S083,codex,B,codex-cli 0.140.0,gpt-5.5,,exit=0; started=2026-06-26T08:33:09.310189+00:00
S084_codex_A_20260626083618,2026-06-26,generation,S084,codex,A,codex-cli 0.140.0,gpt-5.5,,exit=0; started=2026-06-26T08:36:18.148882+00:00
S084_codex_B_20260626083814,2026-06-26,generation,S084,codex,B,codex-cli 0.140.0,gpt-5.5,,exit=0; started=2026-06-26T08:38:14.872242+00:00
S085_codex_A_20260626084114,2026-06-26,generation,S085,codex,A,codex-cli 0.140.0,gpt-5.5,,exit=0; started=2026-06-26T08:41:14.671497+00:00
S085_codex_B_20260626084323,2026-06-26,generation,S085,codex,B,codex-cli 0.140.0,gpt-5.5,,exit=0; started=2026-06-26T08:43:23.360365+00:00
S086_codex_A_20260626090339,2026-06-26,generation,S086,codex,A,codex-cli 0.140.0,gpt-5.5,,exit=0; started=2026-06-26T09:03:39.715894+00:00
S086_codex_B_20260626090542,2026-06-26,generation,S086,codex,B,codex-cli 0.140.0,gpt-5.5,,exit=0; started=2026-06-26T09:05:42.612237+00:00
S087_codex_A_20260626090912,2026-06-26,generation,S087,codex,A,codex-cli 0.140.0,gpt-5.5,,exit=0; started=2026-06-26T09:09:12.335273+00:00
S087_codex_B_20260626091042,2026-06-26,generation,S087,codex,B,codex-cli 0.140.0,gpt-5.5,,exit=0; started=2026-06-26T09:10:42.966568+00:00
S088_codex_A_20260626091315,2026-06-26,generation,S088,codex,A,codex-cli 0.140.0,gpt-5.5,,exit=0; started=2026-06-26T09:13:15.427022+00:00
S088_codex_B_20260626091753,2026-06-26,generation,S088,codex,B,codex-cli 0.140.0,gpt-5.5,,exit=0; started=2026-06-26T09:17:53.157944+00:00
S089_codex_A_20260626092225,2026-06-26,generation,S089,codex,A,codex-cli 0.140.0,gpt-5.5,,exit=0; started=2026-06-26T09:22:25.073308+00:00
S089_codex_B_20260626092516,2026-06-26,generation,S089,codex,B,codex-cli 0.140.0,gpt-5.5,,exit=1; started=2026-06-26T09:25:16.062585+00:00
S090_codex_A_20260626092800,2026-06-26,generation,S090,codex,A,codex-cli 0.140.0,gpt-5.5,,exit=0; started=2026-06-26T09:28:00.834228+00:00
S090_codex_B_20260626092931,2026-06-26,generation,S090,codex,B,codex-cli 0.140.0,gpt-5.5,,exit=1; started=2026-06-26T09:29:31.242673+00:00
S089_codex_B_20260626105842,2026-06-26,generation,S089,codex,B,codex-cli 0.140.0,gpt-5.5,,exit=0; started=2026-06-26T10:58:42.247610+00:00
S090_codex_B_20260626110202,2026-06-26,generation,S090,codex,B,codex-cli 0.140.0,gpt-5.5,,exit=0; started=2026-06-26T11:02:02.785064+00:00
S091_codex_A_20260626110929,2026-06-26,generation,S091,codex,A,codex-cli 0.140.0,gpt-5.5,,exit=0; started=2026-06-26T11:09:29.434465+00:00
S091_codex_B_20260626111232,2026-06-26,generation,S091,codex,B,codex-cli 0.140.0,gpt-5.5,,exit=0; started=2026-06-26T11:12:33.013223+00:00
S092_codex_A_20260626111707,2026-06-26,generation,S092,codex,A,codex-cli 0.140.0,gpt-5.5,,exit=0; started=2026-06-26T11:17:07.633939+00:00
S092_codex_B_20260626112053,2026-06-26,generation,S092,codex,B,codex-cli 0.140.0,gpt-5.5,,exit=0; started=2026-06-26T11:20:53.800902+00:00
S093_codex_A_20260626112422,2026-06-26,generation,S093,codex,A,codex-cli 0.140.0,gpt-5.5,,exit=0; started=2026-06-26T11:24:22.834263+00:00
S093_codex_B_20260626112619,2026-06-26,generation,S093,codex,B,codex-cli 0.140.0,gpt-5.5,,exit=0; started=2026-06-26T11:26:19.573213+00:00
S094_codex_A_20260626112900,2026-06-26,generation,S094,codex,A,codex-cli 0.140.0,gpt-5.5,,exit=0; started=2026-06-26T11:29:01.043060+00:00
S094_codex_B_20260626113244,2026-06-26,generation,S094,codex,B,codex-cli 0.140.0,gpt-5.5,,exit=0; started=2026-06-26T11:32:44.232539+00:00
S095_codex_A_20260626113616,2026-06-26,generation,S095,codex,A,codex-cli 0.140.0,gpt-5.5,,exit=0; started=2026-06-26T11:36:16.589004+00:00
S095_codex_B_20260626113813,2026-06-26,generation,S095,codex,B,codex-cli 0.140.0,gpt-5.5,,exit=0; started=2026-06-26T11:38:13.863810+00:00
S096_codex_A_20260626115131,2026-06-26,generation,S096,codex,A,codex-cli 0.140.0,gpt-5.5,,exit=0; started=2026-06-26T11:51:31.562973+00:00
S096_codex_B_20260626115502,2026-06-26,generation,S096,codex,B,codex-cli 0.140.0,gpt-5.5,,exit=0; started=2026-06-26T11:55:02.526260+00:00
S097_codex_A_20260626115848,2026-06-26,generation,S097,codex,A,codex-cli 0.140.0,gpt-5.5,,exit=0; started=2026-06-26T11:58:48.296510+00:00
S097_codex_B_20260626120302,2026-06-26,generation,S097,codex,B,codex-cli 0.140.0,gpt-5.5,,exit=0; started=2026-06-26T12:03:02.510030+00:00
S098_codex_A_20260626120713,2026-06-26,generation,S098,codex,A,codex-cli 0.140.0,gpt-5.5,,exit=0; started=2026-06-26T12:07:13.367701+00:00
S098_codex_B_20260626121000,2026-06-26,generation,S098,codex,B,codex-cli 0.140.0,gpt-5.5,,exit=0; started=2026-06-26T12:10:00.842792+00:00
S099_codex_A_20260626121342,2026-06-26,generation,S099,codex,A,codex-cli 0.140.0,gpt-5.5,,exit=0; started=2026-06-26T12:13:42.862563+00:00
S099_codex_B_20260626121603,2026-06-26,generation,S099,codex,B,codex-cli 0.140.0,gpt-5.5,,exit=0; started=2026-06-26T12:16:03.236847+00:00
S100_codex_A_20260626121951,2026-06-26,generation,S100,codex,A,codex-cli 0.140.0,gpt-5.5,,exit=0; started=2026-06-26T12:19:51.916348+00:00
S100_codex_B_20260626122235,2026-06-26,generation,S100,codex,B,codex-cli 0.140.0,gpt-5.5,,exit=0; started=2026-06-26T12:22:35.115146+00:00
